Year,Week,Date,Specimens_Other,Adenovirus_count,Adenovirus_pct,RSV_count,RSV_pct,Metapneumovirus_count,Metapneumovirus_pct,Rhinovirus_Enterovirus_count,Rhinovirus_Enterovirus_pct,SARS_CoV_2_count,SARS_CoV_2_pct,From,To,MidDate,RSV_proportion,Metapneumovirus_proportion,Adenovirus_proportion
2014,1,29/12/2013 - 04/01,2164.0,39,1.8,6.0,0.28,22.0,1.02,22.0,22.0,,,2013-12-29,2014-01-04,2014-01-01 00:00:00,0.0028000000000000004,0.0102,0.018000000000000002
2014,2,05/01 - 11/01,2412.0,33,1.37,6.0,0.25,18.0,0.75,18.0,17.0,,,2014-01-05,2014-01-11,2014-01-08 00:00:00,0.0025,0.0075,0.0137
2014,3,12/01 - 18/01,2307.0,28,1.21,4.0,0.17,12.0,0.52,12.0,12.0,,,2014-01-12,2014-01-18,2014-01-15 00:00:00,0.0017000000000000001,0.0052,0.0121
2014,4,19/01 - 25/01,2589.0,20,0.77,20.0,0.77,13.0,0.5,13.0,12.0,,,2014-01-19,2014-01-25,2014-01-22 00:00:00,0.0077,0.005,0.0077
2014,5,26/01 - 01/02,2676.0,17,0.64,12.0,0.45,10.0,0.37,10.0,10.0,,,2014-01-26,2014-02-01,2014-01-29 00:00:00,0.0045000000000000005,0.0037,0.0064
2014,6,02/02 - 08/02,3042.0,27,0.89,12.0,0.39,12.0,0.39,12.0,10.0,,,2014-02-02,2014-02-08,2014-02-05 00:00:00,0.0039000000000000003,0.0039000000000000003,0.0089
2014,7,09/02 - 15/02,2588.0,42,1.62,21.0,0.81,148.0,5.72,148.0,139.0,,,2014-02-09,2014-02-15,2014-02-12 00:00:00,0.008100000000000001,0.0572,0.016200000000000003
2014,8,16/02 - 22/02,2879.0,46,1.6,33.0,1.15,152.0,5.28,150.0,141.0,,,2014-02-16,2014-02-22,2014-02-19 00:00:00,0.0115,0.0528,0.016
2014,9,23/02 - 01/03,2882.0,36,1.25,46.0,1.6,170.0,5.9,168.0,160.0,,,2014-02-23,2014-03-01,2014-02-26 00:00:00,0.016,0.059000000000000004,0.0125
2014,10,02/03 - 08/03,2516.0,32,1.27,48.0,1.91,207.0,8.23,206.0,189.0,,,2014-03-02,2014-03-08,2014-03-05 00:00:00,0.0191,0.0823,0.0127
2014,11,09/03 - 15/03,2433.0,28,1.15,71.0,2.92,201.0,8.26,201.0,198.0,,,2014-03-09,2014-03-15,2014-03-12 00:00:00,0.0292,0.08259999999999999,0.0115
2014,12,16/03 - 22/03,2553.0,35,1.37,97.0,3.8,263.0,10.3,262.0,258.0,,,2014-03-16,2014-03-22,2014-03-19 00:00:00,0.038,0.10300000000000001,0.0137
2014,13,23/03 - 29/03,2533.0,46,1.82,152.0,6.0,266.0,10.5,209.0,197.0,,,2014-03-23,2014-03-29,2014-03-26 00:00:00,0.06,0.105,0.0182
2014,14,30/03 - 05/04,2186.0,40,1.83,128.0,5.86,240.0,10.98,80.0,77.0,,,2014-03-30,2014-04-05,2014-04-02 00:00:00,0.058600000000000006,0.10980000000000001,0.0183
2014,15,06/04 - 12/04,2552.0,49,1.92,186.0,7.29,312.0,12.23,89.0,83.0,,,2014-04-06,2014-04-12,2014-04-09 00:00:00,0.0729,0.1223,0.0192
2014,16,13/04 - 19/04,2309.0,47,2.04,146.0,6.32,273.0,11.82,87.0,84.0,,,2014-04-13,2014-04-19,2014-04-16 00:00:00,0.0632,0.1182,0.0204
2014,17,20/04 - 26/04,2297.0,23,1.0,148.0,6.44,274.0,11.93,100.0,86.0,,,2014-04-20,2014-04-26,2014-04-23 00:00:00,0.0644,0.1193,0.01
2014,18,27/04 - 03/05,2193.0,69,3.15,117.0,5.34,259.0,11.81,109.0,94.0,,,2014-04-27,2014-05-03,2014-04-30 00:00:00,0.053399999999999996,0.11810000000000001,0.0315
2014,19,04/05 - 10/05,1933.0,40,2.07,76.0,3.93,246.0,12.73,99.0,85.0,,,2014-05-04,2014-05-10,2014-05-07 00:00:00,0.0393,0.1273,0.0207
2014,20,11/05 - 17/05,1919.0,35,1.82,64.0,3.34,253.0,13.18,102.0,82.0,,,2014-05-11,2014-05-17,2014-05-14 00:00:00,0.0334,0.1318,0.0182
2014,21,18/05 - 24/05,1972.0,56,2.84,71.0,3.6,302.0,15.31,100.0,64.0,,,2014-05-18,2014-05-24,2014-05-21 00:00:00,0.036000000000000004,0.1531,0.028399999999999998
2014,22,25/05 - 31/05,2061.0,64,3.11,104.0,5.05,332.0,16.11,94.0,65.0,,,2014-05-25,2014-05-31,2014-05-28 00:00:00,0.050499999999999996,0.1611,0.0311
2014,23,01/06 - 07/06,2132.0,54,2.53,114.0,5.35,324.0,15.2,106.0,70.0,,,2014-06-01,2014-06-07,2014-06-04 00:00:00,0.0535,0.152,0.0253
2014,24,08/06 - 14/06,2183.0,73,3.34,119.0,5.45,301.0,13.79,101.0,58.0,,,2014-06-08,2014-06-14,2014-06-11 00:00:00,0.0545,0.1379,0.0334
2014,25,15/06 - 21/06,2048.0,55,2.69,89.0,4.35,226.0,11.04,95.0,54.0,,,2014-06-15,2014-06-21,2014-06-18 00:00:00,0.0435,0.1104,0.0269
2014,26,22/06 - 28/06,1825.0,77,4.22,67.0,3.67,216.0,11.84,112.0,52.0,,,2014-06-22,2014-06-28,2014-06-25 00:00:00,0.036699999999999997,0.1184,0.042199999999999994
2014,27,29/06 - 05/07,1867.0,84,4.5,78.0,4.18,251.0,13.44,107.0,55.0,,,2014-06-29,2014-07-05,2014-07-02 00:00:00,0.0418,0.1344,0.045
2014,28,06/07 - 12/07,1945.0,99,5.09,95.0,4.88,261.0,13.42,99.0,47.0,,,2014-07-06,2014-07-12,2014-07-09 00:00:00,0.048799999999999996,0.13419999999999999,0.0509
2014,29,13/07 - 19/07,1924.0,73,3.79,101.0,5.25,207.0,10.76,102.0,57.0,,,2014-07-13,2014-07-19,2014-07-16 00:00:00,0.0525,0.1076,0.0379
2014,30,20/07 - 26/07,1728.0,97,5.61,83.0,4.8,156.0,9.03,103.0,57.0,,,2014-07-20,2014-07-26,2014-07-23 00:00:00,0.048,0.09029999999999999,0.056100000000000004
2014,31,27/07 - 02/08,1709.0,73,4.27,82.0,4.8,123.0,7.2,98.0,67.0,,,2014-07-27,2014-08-02,2014-07-30 00:00:00,0.048,0.07200000000000001,0.042699999999999995
2014,32,03/08 - 09/08,1653.0,82,4.96,72.0,4.36,92.0,5.57,76.0,55.0,,,2014-08-03,2014-08-09,2014-08-06 00:00:00,0.0436,0.0557,0.0496
2014,33,10/08 - 16/08,1549.0,60,3.87,67.0,4.33,131.0,8.46,99.0,79.0,,,2014-08-10,2014-08-16,2014-08-13 00:00:00,0.0433,0.08460000000000001,0.0387
2014,34,17/08 - 23/08,1480.0,49,3.31,52.0,3.51,113.0,7.64,91.0,68.0,,,2014-08-17,2014-08-23,2014-08-20 00:00:00,0.0351,0.0764,0.0331
2014,35,24/08 - 30/08,1638.0,64,3.91,61.0,3.72,137.0,8.36,111.0,81.0,,,2014-08-24,2014-08-30,2014-08-27 00:00:00,0.037200000000000004,0.0836,0.0391
2014,36,31/08 - 06/09,1844.0,50,2.71,74.0,4.01,124.0,6.72,84.0,73.0,,,2014-08-31,2014-09-06,2014-09-03 00:00:00,0.0401,0.0672,0.0271
2014,37,07/09 - 13/09,1848.0,55,2.98,78.0,4.22,181.0,9.79,93.0,84.0,,,2014-09-07,2014-09-13,2014-09-10 00:00:00,0.042199999999999994,0.09789999999999999,0.0298
2014,38,14/09 - 20/09,1949.0,74,3.8,53.0,2.72,253.0,12.98,86.0,75.0,,,2014-09-14,2014-09-20,2014-09-17 00:00:00,0.027200000000000002,0.1298,0.038
2014,39,21/09 - 27/09,1983.0,59,2.98,60.0,3.03,261.0,13.16,105.0,91.0,,,2014-09-21,2014-09-27,2014-09-24 00:00:00,0.030299999999999997,0.1316,0.0298
2014,40,28/09 - 04/10,1912.0,67,3.5,86.0,4.5,275.0,14.38,122.0,111.0,,,2014-09-28,2014-10-04,2014-10-01 00:00:00,0.045,0.1438,0.035
2014,41,05/10 - 11/10,1857.0,74,3.98,65.0,3.5,276.0,14.86,81.0,73.0,,,2014-10-05,2014-10-11,2014-10-08 00:00:00,0.035,0.14859999999999998,0.0398
2014,42,12/10 - 18/10,1898.0,83,4.37,37.0,1.95,294.0,15.49,96.0,86.0,,,2014-10-12,2014-10-18,2014-10-15 00:00:00,0.0195,0.1549,0.0437
2014,43,19/10 - 25/10,1797.0,53,2.95,34.0,1.89,305.0,16.97,97.0,92.0,,,2014-10-19,2014-10-25,2014-10-22 00:00:00,0.0189,0.1697,0.029500000000000002
2014,44,26/10 - 01/11,1962.0,95,4.84,26.0,1.33,307.0,15.65,89.0,80.0,,,2014-10-26,2014-11-01,2014-10-29 00:00:00,0.013300000000000001,0.1565,0.0484
2014,45,02/11 - 08/11,1964.0,105,5.35,29.0,1.48,294.0,14.97,99.0,92.0,,,2014-11-02,2014-11-08,2014-11-05 00:00:00,0.0148,0.1497,0.0535
2014,46,09/11 - 15/11,1812.0,116,6.4,24.0,1.32,305.0,16.83,113.0,108.0,,,2014-11-09,2014-11-15,2014-11-12 00:00:00,0.0132,0.16829999999999998,0.064
2014,47,16/11 - 22/11,2102.0,94,4.47,28.0,1.33,372.0,17.7,88.0,79.0,,,2014-11-16,2014-11-22,2014-11-19 00:00:00,0.013300000000000001,0.177,0.0447
2014,48,23/11 - 29/11,2140.0,125,5.84,33.0,1.54,319.0,14.91,80.0,78.0,,,2014-11-23,2014-11-29,2014-11-26 00:00:00,0.0154,0.1491,0.0584
2014,49,30/11 - 06/12,2045.0,117,5.72,37.0,1.81,277.0,13.55,101.0,91.0,,,2014-11-30,2014-12-06,2014-12-03 00:00:00,0.0181,0.1355,0.0572
2014,50,07/12 - 13/12,2158.0,120,5.56,55.0,2.55,291.0,13.48,84.0,77.0,,,2014-12-07,2014-12-13,2014-12-10 00:00:00,0.0255,0.1348,0.0556
2014,51,14/12 - 20/12,2373.0,140,5.9,50.0,2.11,314.0,13.23,102.0,100.0,,,2014-12-14,2014-12-20,2014-12-17 00:00:00,0.021099999999999997,0.1323,0.059000000000000004
2014,52,21/12 - 27/12,2495.0,89,3.57,46.0,1.84,269.0,10.78,109.0,107.0,,,2014-12-21,2014-12-27,2014-12-24 00:00:00,0.0184,0.10779999999999999,0.035699999999999996
2015,1,28/12/2014 - 03/01,3069.0,134,4.37,51.0,1.66,266.0,8.67,92.0,91.0,,,2014-12-28,2015-01-03,2014-12-31 00:00:00,0.0166,0.0867,0.0437
2015,2,04/01 - 10/01,3351.0,105,3.13,64.0,1.91,289.0,8.62,99.0,96.0,,,2015-01-04,2015-01-10,2015-01-07 00:00:00,0.0191,0.0862,0.0313
2015,3,11/01 - 17/01,3392.0,110,3.24,49.0,1.44,215.0,6.34,83.0,83.0,,,2015-01-11,2015-01-17,2015-01-14 00:00:00,0.0144,0.0634,0.032400000000000005
2015,4,18/01 - 24/01,4315.0,100,2.32,70.0,1.62,248.0,5.75,117.0,115.0,,,2015-01-18,2015-01-24,2015-01-21 00:00:00,0.016200000000000003,0.0575,0.0232
2015,5,25/01 - 31/01,5187.0,82,1.58,84.0,1.62,304.0,5.86,115.0,111.0,,,2015-01-25,2015-01-31,2015-01-28 00:00:00,0.016200000000000003,0.058600000000000006,0.0158
2015,6,01/02 - 07/02,4854.0,88,1.81,69.0,1.42,230.0,4.74,51.0,49.0,,,2015-02-01,2015-02-07,2015-02-04 00:00:00,0.014199999999999999,0.047400000000000005,0.0181
2015,7,08/02 - 14/02,4650.0,94,2.02,90.0,1.94,199.0,4.28,121.0,119.0,,,2015-02-08,2015-02-14,2015-02-11 00:00:00,0.0194,0.042800000000000005,0.0202
2015,8,15/02 - 21/02,4049.0,94,2.32,70.0,1.73,215.0,5.31,110.0,109.0,,,2015-02-15,2015-02-21,2015-02-18 00:00:00,0.0173,0.053099999999999994,0.0232
2015,9,22/02 - 28/02,4714.0,85,1.8,120.0,2.55,214.0,4.54,81.0,79.0,,,2015-02-22,2015-02-28,2015-02-25 00:00:00,0.0255,0.0454,0.018000000000000002
2015,10,01/03 - 07/03,4145.0,57,1.38,70.0,1.69,145.0,3.5,98.0,89.0,,,2015-03-01,2015-03-07,2015-03-04 00:00:00,0.0169,0.035,0.0138
2015,11,08/03 - 14/03,3800.0,44,1.16,72.0,1.89,131.0,3.45,81.0,76.0,,,2015-03-08,2015-03-14,2015-03-11 00:00:00,0.0189,0.0345,0.0116
2015,12,15/03 - 21/03,4093.0,46,1.12,97.0,2.37,255.0,6.23,78.0,77.0,,,2015-03-15,2015-03-21,2015-03-18 00:00:00,0.023700000000000002,0.0623,0.011200000000000002
2015,13,22/03 - 28/03,3640.0,57,1.57,103.0,2.83,257.0,7.06,44.0,42.0,,,2015-03-22,2015-03-28,2015-03-25 00:00:00,0.028300000000000002,0.0706,0.015700000000000002
2015,14,29/03 - 04/04,2767.0,38,1.37,80.0,2.89,235.0,8.49,63.0,62.0,,,2015-03-29,2015-04-04,2015-04-01 00:00:00,0.028900000000000002,0.0849,0.0137
2015,15,05/04 - 11/04,4054.0,39,0.96,137.0,3.38,362.0,8.93,85.0,78.0,,,2015-04-05,2015-04-11,2015-04-08 00:00:00,0.0338,0.08929999999999999,0.0096
2015,16,12/04 - 18/04,3275.0,37,1.13,129.0,3.94,313.0,9.56,41.0,35.0,,,2015-04-12,2015-04-18,2015-04-15 00:00:00,0.0394,0.0956,0.0113
2015,17,19/04 - 25/04,3093.0,23,0.74,83.0,2.68,290.0,9.38,99.0,89.0,,,2015-04-19,2015-04-25,2015-04-22 00:00:00,0.0268,0.09380000000000001,0.0074
2015,18,26/04 - 02/05,2989.0,36,1.2,108.0,3.61,357.0,11.94,57.0,47.0,,,2015-04-26,2015-05-02,2015-04-29 00:00:00,0.0361,0.11939999999999999,0.012
2015,19,03/05 - 09/05,2956.0,34,1.15,95.0,3.21,358.0,12.11,33.0,28.0,,,2015-05-03,2015-05-09,2015-05-06 00:00:00,0.0321,0.1211,0.0115
2015,20,10/05 - 16/05,2875.0,35,1.22,89.0,3.1,368.0,12.8,109.0,82.0,,,2015-05-10,2015-05-16,2015-05-13 00:00:00,0.031,0.128,0.012199999999999999
2015,21,17/05 - 23/05,2786.0,38,1.36,91.0,3.27,370.0,13.28,85.0,58.0,,,2015-05-17,2015-05-23,2015-05-20 00:00:00,0.0327,0.1328,0.013600000000000001
2015,22,24/05 - 30/05,2963.0,36,1.21,119.0,4.02,346.0,11.68,104.0,77.0,,,2015-05-24,2015-05-30,2015-05-27 00:00:00,0.04019999999999999,0.1168,0.0121
2015,23,31/05 - 06/06,3337.0,58,1.74,123.0,3.69,342.0,10.25,70.0,46.0,,,2015-05-31,2015-06-06,2015-06-03 00:00:00,0.0369,0.1025,0.0174
2015,24,07/06 - 13/06,3815.0,61,1.6,125.0,3.28,406.0,10.64,151.0,91.0,,,2015-06-07,2015-06-13,2015-06-10 00:00:00,0.032799999999999996,0.10640000000000001,0.016
2015,25,14/06 - 20/06,3480.0,54,1.55,134.0,3.85,326.0,9.37,45.0,25.0,,,2015-06-14,2015-06-20,2015-06-17 00:00:00,0.0385,0.09369999999999999,0.0155
2015,26,21/06 -  27/06,4086.0,55,1.35,149.0,3.65,346.0,8.47,130.0,75.0,,,2015-06-21,2015-06-27,2015-06-24 00:00:00,0.0365,0.08470000000000001,0.013500000000000002
2015,27,28/06 - 04/07,3825.0,46,1.2,170.0,4.44,279.0,7.29,75.0,39.0,,,2015-06-28,2015-07-04,2015-07-01 00:00:00,0.0444,0.0729,0.012
2015,28,05/07 - 11/07,3420.0,63,1.84,174.0,5.09,267.0,7.81,104.0,60.0,,,2015-07-05,2015-07-11,2015-07-08 00:00:00,0.0509,0.0781,0.0184
2015,29,12/07 - 18/07,3186.0,43,1.35,173.0,5.43,262.0,8.22,86.0,66.0,,,2015-07-12,2015-07-18,2015-07-15 00:00:00,0.054299999999999994,0.08220000000000001,0.013500000000000002
2015,30,19/07 - 25/07,2793.0,29,1.04,147.0,5.26,205.0,7.34,76.0,58.0,,,2015-07-19,2015-07-25,2015-07-22 00:00:00,0.0526,0.07339999999999999,0.0104
2015,31,26/07 - 01/08,2799.0,38,1.36,113.0,4.04,211.0,7.54,105.0,74.0,,,2015-07-26,2015-08-01,2015-07-29 00:00:00,0.0404,0.0754,0.013600000000000001
2015,32,02/08 - 08/08,2898.0,32,1.1,133.0,4.59,240.0,8.28,108.0,75.0,,,2015-08-02,2015-08-08,2015-08-05 00:00:00,0.045899999999999996,0.0828,0.011000000000000001
2015,33,09/08 - 15/08,2883.0,36,1.25,131.0,4.54,247.0,8.57,97.0,69.0,,,2015-08-09,2015-08-15,2015-08-12 00:00:00,0.0454,0.0857,0.0125
2015,34,16/08 - 22/08,2599.0,34,1.31,136.0,5.23,219.0,8.43,69.0,52.0,,,2015-08-16,2015-08-22,2015-08-19 00:00:00,0.052300000000000006,0.0843,0.0131
2015,35,23/08 - 29/08,2759.0,49,1.78,112.0,4.06,248.0,8.99,100.0,78.0,,,2015-08-23,2015-08-29,2015-08-26 00:00:00,0.0406,0.08990000000000001,0.0178
2015,36,30/08 - 05/09,2501.0,35,1.4,119.0,4.76,279.0,11.16,99.0,76.0,,,2015-08-30,2015-09-05,2015-09-02 00:00:00,0.047599999999999996,0.1116,0.013999999999999999
2015,37,06/09 - 12/09,2669.0,33,1.24,126.0,4.72,382.0,14.31,80.0,65.0,,,2015-09-06,2015-09-12,2015-09-09 00:00:00,0.0472,0.1431,0.0124
2015,38,13/09 - 19/09,2926.0,33,1.13,128.0,4.37,513.0,17.53,97.0,90.0,,,2015-09-13,2015-09-19,2015-09-16 00:00:00,0.0437,0.1753,0.0113
2015,39,20/09 - 26/09,2832.0,43,1.52,88.0,3.11,499.0,17.62,117.0,108.0,,,2015-09-20,2015-09-26,2015-09-23 00:00:00,0.0311,0.17620000000000002,0.0152
2015,40,27/09 - 03/10,2681.0,37,1.38,107.0,3.99,504.0,18.8,81.0,68.0,,,2015-09-27,2015-10-03,2015-09-30 00:00:00,0.039900000000000005,0.188,0.0138
2015,41,04/10 - 10/10,2708.0,45,1.66,90.0,3.32,428.0,15.81,88.0,81.0,,,2015-10-04,2015-10-10,2015-10-07 00:00:00,0.0332,0.15810000000000002,0.0166
2015,42,11/10 - 17/10,2749.0,36,1.31,74.0,2.69,376.0,13.68,97.0,87.0,,,2015-10-11,2015-10-17,2015-10-14 00:00:00,0.0269,0.1368,0.0131
2015,43,18/10 - 24/10,2890.0,55,1.9,64.0,2.21,421.0,14.57,99.0,81.0,,,2015-10-18,2015-10-24,2015-10-21 00:00:00,0.022099999999999998,0.1457,0.019
2015,44,25/10 - 31/10,2911.0,40,1.37,66.0,2.27,394.0,13.53,94.0,85.0,,,2015-10-25,2015-10-31,2015-10-28 00:00:00,0.0227,0.1353,0.0137
2015,45,01/11 - 07/11,2921.0,51,1.75,42.0,1.44,400.0,13.69,99.0,86.0,,,2015-11-01,2015-11-07,2015-11-04 00:00:00,0.0144,0.1369,0.0175
2015,46,08/11 - 14/11,2802.0,46,1.64,38.0,1.36,326.0,11.63,88.0,74.0,,,2015-11-08,2015-11-14,2015-11-11 00:00:00,0.013600000000000001,0.11630000000000001,0.016399999999999998
2015,47,15/11 - 21/11,2770.0,41,1.48,43.0,1.55,330.0,11.91,92.0,72.0,,,2015-11-15,2015-11-21,2015-11-18 00:00:00,0.0155,0.1191,0.0148
2015,48,22/11 - 28/11,2792.0,49,1.76,54.0,1.93,368.0,13.18,104.0,66.0,,,2015-11-22,2015-11-28,2015-11-25 00:00:00,0.019299999999999998,0.1318,0.0176
2015,49,29/11 - 05/12,3017.0,50,1.66,57.0,1.89,373.0,12.36,97.0,73.0,,,2015-11-29,2015-12-05,2015-12-02 00:00:00,0.0189,0.12359999999999999,0.0166
2015,50,06/12 - 12/12,2874.0,42,1.46,49.0,1.7,397.0,13.81,92.0,63.0,,,2015-12-06,2015-12-12,2015-12-09 00:00:00,0.017,0.1381,0.0146
2015,51,13/12 - 19/12,3077.0,50,1.62,56.0,1.82,381.0,12.38,103.0,82.0,,,2015-12-13,2015-12-19,2015-12-16 00:00:00,0.0182,0.12380000000000001,0.016200000000000003
2015,52,20/12 - 26/12,3232.0,30,0.93,42.0,1.3,338.0,10.46,105.0,80.0,,,2015-12-20,2015-12-26,2015-12-23 00:00:00,0.013000000000000001,0.10460000000000001,0.009300000000000001
2016,1,27/12/2015 - 02/01,3124.0,35,1.12,78.0,2.5,318.0,10.18,83.0,66.0,,,2015-12-27,2016-01-02,2015-12-30 00:00:00,0.025,0.1018,0.011200000000000002
2016,2,03/01 - 09/01,3204.0,44,1.37,90.0,2.81,334.0,10.42,84.0,66.0,,,2016-01-03,2016-01-09,2016-01-06 00:00:00,0.0281,0.1042,0.0137
2016,3,10/01 - 16/01,3096.0,39,1.26,96.0,3.1,269.0,8.69,91.0,72.0,,,2016-01-10,2016-01-16,2016-01-13 00:00:00,0.031,0.08689999999999999,0.0126
2016,4,17/01 - 23/01,3280.0,47,1.43,125.0,3.81,307.0,9.36,99.0,84.0,,,2016-01-17,2016-01-23,2016-01-20 00:00:00,0.0381,0.09359999999999999,0.0143
2016,5,24/01 - 30/01,3537.0,21,0.59,130.0,3.68,330.0,9.33,84.0,64.0,,,2016-01-24,2016-01-30,2016-01-27 00:00:00,0.0368,0.0933,0.0059
2016,6,31/01 - 06/02,3935.0,49,1.25,157.0,3.99,290.0,7.37,100.0,84.0,,,2016-01-31,2016-02-06,2016-02-03 00:00:00,0.039900000000000005,0.0737,0.0125
2016,7,07/02 - 13/02,4544.0,56,1.23,183.0,4.03,272.0,5.99,100.0,85.0,,,2016-02-07,2016-02-13,2016-02-10 00:00:00,0.0403,0.0599,0.0123
2016,8,14/02 - 20/02,4896.0,61,1.25,219.0,4.47,271.0,5.24,90.0,81.0,,,2016-02-14,2016-02-20,2016-02-17 00:00:00,0.0447,0.0524,0.0125
2016,9,21/02 - 27/02,4959.0,64,1.29,190.0,3.83,217.0,4.38,105.0,90.0,,,2016-02-21,2016-02-27,2016-02-24 00:00:00,0.0383,0.0438,0.0129
2016,10,28/02 - 05/03,5110.0,66,1.29,184.0,3.6,258.0,5.05,85.0,75.0,,,2016-02-28,2016-03-05,2016-03-02 00:00:00,0.036000000000000004,0.050499999999999996,0.0129
2016,11,06/03 - 12/03,4651.0,56,1.2,157.0,3.38,244.0,5.25,76.0,69.0,,,2016-03-06,2016-03-12,2016-03-09 00:00:00,0.0338,0.0525,0.012
2016,12,13/03 - 19/03,4247.0,63,1.48,166.0,3.91,270.0,6.36,99.0,78.0,,,2016-03-13,2016-03-19,2016-03-16 00:00:00,0.0391,0.0636,0.0148
2016,13,20/03 - 26/03,3241.0,74,2.28,148.0,4.57,241.0,7.44,80.0,63.0,,,2016-03-20,2016-03-26,2016-03-23 00:00:00,0.045700000000000005,0.07440000000000001,0.022799999999999997
2016,14,27/03 - 02/04,5273.0,64,1.21,195.0,3.7,349.0,6.62,110.0,75.0,,,2016-03-27,2016-04-02,2016-03-30 00:00:00,0.037000000000000005,0.0662,0.0121
2016,15,03/04 - 09/04,4159.0,76,1.83,119.0,2.86,285.0,6.85,94.0,73.0,,,2016-04-03,2016-04-09,2016-04-06 00:00:00,0.0286,0.06849999999999999,0.0183
2016,16,10/04 - 16/04,4070.0,76,1.87,132.0,3.24,305.0,7.49,96.0,73.0,,,2016-04-10,2016-04-16,2016-04-13 00:00:00,0.032400000000000005,0.07490000000000001,0.0187
2016,17,17/04 - 23/04,4116.0,43,1.04,172.0,4.18,411.0,9.99,93.0,69.0,,,2016-04-17,2016-04-23,2016-04-20 00:00:00,0.0418,0.0999,0.0104
2016,18,24/04 - 30/04,4342.0,57,1.31,180.0,4.15,536.0,12.34,120.0,103.0,,,2016-04-24,2016-04-30,2016-04-27 00:00:00,0.0415,0.1234,0.0131
2016,19,01/05 - 07/05,4017.0,61,1.52,153.0,3.81,608.0,15.14,103.0,68.0,,,2016-05-01,2016-05-07,2016-05-04 00:00:00,0.0381,0.1514,0.0152
2016,20,08/05 - 14/05,3435.0,63,1.83,158.0,4.6,425.0,12.37,85.0,50.0,,,2016-05-08,2016-05-14,2016-05-11 00:00:00,0.046,0.12369999999999999,0.0183
2016,21,15/05 - 21/05,4530.0,132,2.91,164.0,3.62,600.0,13.25,114.0,66.0,,,2016-05-15,2016-05-21,2016-05-18 00:00:00,0.0362,0.1325,0.0291
2016,22,22/05 - 28/05,3783.0,87,2.3,123.0,3.25,510.0,13.48,90.0,59.0,,,2016-05-22,2016-05-28,2016-05-25 00:00:00,0.0325,0.1348,0.023
2016,23,29/05 - 04/06,3806.0,106,2.79,120.0,3.15,521.0,13.69,95.0,55.0,,,2016-05-29,2016-06-04,2016-06-01 00:00:00,0.0315,0.1369,0.0279
2016,24,05/06 - 11/06,3304.0,106,3.21,120.0,3.63,444.0,13.44,96.0,54.0,,,2016-06-05,2016-06-11,2016-06-08 00:00:00,0.0363,0.1344,0.0321
2016,25,12/06 - 18/06,3262.0,107,3.28,119.0,3.65,438.0,13.43,88.0,56.0,,,2016-06-12,2016-06-18,2016-06-15 00:00:00,0.0365,0.1343,0.032799999999999996
2016,26,19/06 - 25/06,3455.0,134,3.88,101.0,2.92,479.0,13.86,98.0,51.0,,,2016-06-19,2016-06-25,2016-06-22 00:00:00,0.0292,0.1386,0.0388
2016,27,26/06 - 02/07,2982.0,132,4.43,105.0,3.52,360.0,12.07,97.0,65.0,,,2016-06-26,2016-07-02,2016-06-29 00:00:00,0.0352,0.1207,0.0443
2016,28,03/07 - 09/07,3087.0,116,3.76,140.0,4.54,363.0,11.76,89.0,52.0,,,2016-07-03,2016-07-09,2016-07-06 00:00:00,0.0454,0.1176,0.037599999999999995
2016,29,10/07 - 16/07,3236.0,122,3.77,135.0,4.17,336.0,10.38,94.0,66.0,,,2016-07-10,2016-07-16,2016-07-13 00:00:00,0.0417,0.1038,0.0377
2016,30,17/07 - 23/07,3206.0,159,4.96,149.0,4.65,310.0,9.67,98.0,60.0,,,2016-07-17,2016-07-23,2016-07-20 00:00:00,0.04650000000000001,0.0967,0.0496
2016,31,24/07 - 30/07,3091.0,122,3.95,155.0,5.01,251.0,8.12,92.0,69.0,,,2016-07-24,2016-07-30,2016-07-27 00:00:00,0.0501,0.0812,0.0395
2016,32,31/07 - 06/08,3035.0,115,3.79,147.0,4.84,220.0,7.25,93.0,75.0,,,2016-07-31,2016-08-06,2016-08-03 00:00:00,0.0484,0.0725,0.0379
2016,33,07/08 - 13/08,3045.0,96,3.15,112.0,3.68,164.0,5.39,90.0,64.0,,,2016-08-07,2016-08-13,2016-08-10 00:00:00,0.0368,0.053899999999999997,0.0315
2016,34,14/08 - 20/08,2845.0,84,2.95,109.0,3.83,128.0,4.5,90.0,62.0,,,2016-08-14,2016-08-20,2016-08-17 00:00:00,0.0383,0.045,0.029500000000000002
2016,35,21/08 - 27/08,3066.0,93,3.03,116.0,3.78,147.0,4.79,97.0,66.0,,,2016-08-21,2016-08-27,2016-08-24 00:00:00,0.0378,0.0479,0.030299999999999997
2016,36,28/08 - 03/09,3025.0,54,1.79,105.0,3.47,156.0,5.16,94.0,71.0,,,2016-08-28,2016-09-03,2016-08-31 00:00:00,0.0347,0.0516,0.0179
2016,37,04/09 - 10/09,3040.0,65,2.14,100.0,3.29,178.0,5.86,82.0,64.0,,,2016-09-04,2016-09-10,2016-09-07 00:00:00,0.0329,0.058600000000000006,0.021400000000000002
2016,38,11/09 - 17/09,3328.0,53,1.59,110.0,3.31,257.0,7.72,99.0,86.0,,,2016-09-11,2016-09-17,2016-09-14 00:00:00,0.0331,0.07719999999999999,0.0159
2016,39,18/09 - 24/09,3933.0,65,1.65,128.0,3.25,427.0,10.86,90.0,76.0,,,2016-09-18,2016-09-24,2016-09-21 00:00:00,0.0325,0.10859999999999999,0.0165
2016,40,25/09 - 01/10,3285.0,54,1.64,89.0,2.71,373.0,11.35,83.0,70.0,,,2016-09-25,2016-10-01,2016-09-28 00:00:00,0.0271,0.11349999999999999,0.016399999999999998
2016,41,02/10 - 08/10,3732.0,73,1.96,92.0,2.47,469.0,12.57,97.0,82.0,,,2016-10-02,2016-10-08,2016-10-05 00:00:00,0.024700000000000003,0.1257,0.0196
2016,42,09/10 - 15/10,3359.0,83,2.47,74.0,2.2,367.0,10.93,90.0,69.0,,,2016-10-09,2016-10-15,2016-10-12 00:00:00,0.022000000000000002,0.1093,0.024700000000000003
2016,43,16/10 - 22/10,3105.0,80,2.58,64.0,2.06,330.0,10.63,91.0,73.0,,,2016-10-16,2016-10-22,2016-10-19 00:00:00,0.0206,0.1063,0.0258
2016,44,23/10 - 29/10,3364.0,119,3.54,62.0,1.84,347.0,10.32,88.0,62.0,,,2016-10-23,2016-10-29,2016-10-26 00:00:00,0.0184,0.1032,0.0354
2016,45,30/10 - 05/11,3286.0,104,3.16,74.0,2.25,342.0,10.41,91.0,69.0,,,2016-10-30,2016-11-05,2016-11-02 00:00:00,0.0225,0.1041,0.0316
2016,46,06/11 - 12/11,3413.0,109,3.19,68.0,1.99,348.0,10.2,84.0,70.0,,,2016-11-06,2016-11-12,2016-11-09 00:00:00,0.0199,0.102,0.0319
2016,47,13/11 - 19/11,3588.0,105,2.93,80.0,2.23,419.0,11.68,94.0,77.0,,,2016-11-13,2016-11-19,2016-11-16 00:00:00,0.0223,0.1168,0.029300000000000003
2016,48,20/11 - 26/11,3464.0,100,2.89,64.0,1.85,420.0,12.12,94.0,72.0,,,2016-11-20,2016-11-26,2016-11-23 00:00:00,0.018500000000000003,0.12119999999999999,0.028900000000000002
2016,49,27/11 - 03/12,3519.0,91,2.59,97.0,2.76,392.0,11.14,91.0,79.0,,,2016-11-27,2016-12-03,2016-11-30 00:00:00,0.0276,0.1114,0.0259
2016,50,04/12 - 10/12,3657.0,106,2.9,61.0,1.67,448.0,12.25,90.0,81.0,,,2016-12-04,2016-12-10,2016-12-07 00:00:00,0.0167,0.1225,0.028999999999999998
2016,51,11/12 - 17/12,3786.0,118,3.12,59.0,1.56,437.0,11.54,94.0,79.0,,,2016-12-11,2016-12-17,2016-12-14 00:00:00,0.015600000000000001,0.11539999999999999,0.031200000000000002
2016,52,18/12 - 24/12,3657.0,116,3.17,69.0,1.89,395.0,10.8,93.0,84.0,,,2016-12-18,2016-12-24,2016-12-21 00:00:00,0.0189,0.10800000000000001,0.0317
2016,53,25/12 - 31/12,3508.0,137,3.91,71.0,2.02,421.0,12.0,96.0,87.0,,,2016-12-25,2016-12-31,2016-12-28 00:00:00,0.0202,0.12,0.0391
2017,1,01/01 - 07/01,3777.0,161,4.26,75.0,1.99,374.0,9.9,95.0,90.0,,,2017-01-01,2017-01-07,2017-01-04 00:00:00,0.0199,0.099,0.0426
2017,2,08/01 - 14/01,3999.0,123,3.08,81.0,2.03,422.0,10.55,103.0,98.0,,,2017-01-08,2017-01-14,2017-01-11 00:00:00,0.0203,0.10550000000000001,0.0308
2017,3,15/01 - 21/01,3780.0,122,3.23,96.0,2.54,398.0,10.53,83.0,81.0,,,2017-01-15,2017-01-21,2017-01-18 00:00:00,0.0254,0.10529999999999999,0.0323
2017,4,22/01 - 28/01,3464.0,100,2.89,87.0,2.51,404.0,11.66,74.0,70.0,,,2017-01-22,2017-01-28,2017-01-25 00:00:00,0.025099999999999997,0.1166,0.028900000000000002
2017,5,29/01 - 04/02,4405.0,103,2.34,133.0,3.02,413.0,9.38,106.0,103.0,,,2017-01-29,2017-02-04,2017-02-01 00:00:00,0.0302,0.09380000000000001,0.023399999999999997
2017,6,05/02 - 11/02,4104.0,96,2.34,116.0,2.83,325.0,7.92,88.0,79.0,,,2017-02-05,2017-02-11,2017-02-08 00:00:00,0.028300000000000002,0.07919999999999999,0.023399999999999997
2017,7,12/02 - 18/02,4209.0,104,2.47,73.0,1.73,285.0,6.77,90.0,84.0,,,2017-02-12,2017-02-18,2017-02-15 00:00:00,0.0173,0.0677,0.024700000000000003
2017,8,19/02 - 25/02,4321.0,57,1.32,96.0,2.22,254.0,5.88,96.0,89.0,,,2017-02-19,2017-02-25,2017-02-22 00:00:00,0.0222,0.0588,0.0132
2017,9,26/02 - 04/03,4103.0,71,1.73,95.0,2.32,257.0,6.26,94.0,89.0,,,2017-02-26,2017-03-04,2017-03-01 00:00:00,0.0232,0.0626,0.0173
2017,10,05/03 - 11/03,4222.0,102,2.42,87.0,2.06,297.0,7.03,94.0,89.0,,,2017-03-05,2017-03-11,2017-03-08 00:00:00,0.0206,0.0703,0.0242
2017,11,12/03 - 18/03,4167.0,76,1.82,96.0,2.3,291.0,6.98,83.0,78.0,,,2017-03-12,2017-03-18,2017-03-15 00:00:00,0.023,0.0698,0.0182
2017,12,19/03 - 25/03,4095.0,82,2.0,79.0,1.93,256.0,6.25,100.0,90.0,,,2017-03-19,2017-03-25,2017-03-22 00:00:00,0.019299999999999998,0.0625,0.02
2017,13,26/03 - 01/04,4116.0,82,1.99,84.0,2.04,290.0,7.05,92.0,85.0,,,2017-03-26,2017-04-01,2017-03-29 00:00:00,0.0204,0.0705,0.0199
2017,14,02/04 - 08/04,4084.0,114,2.79,97.0,2.38,324.0,7.93,100.0,95.0,,,2017-04-02,2017-04-08,2017-04-05 00:00:00,0.023799999999999998,0.0793,0.0279
2017,15,09/04 - 15/04,3202.0,83,2.59,63.0,1.97,221.0,6.9,79.0,73.0,,,2017-04-09,2017-04-15,2017-04-12 00:00:00,0.0197,0.069,0.0259
2017,16,16/04 - 22/04,4951.0,162,3.27,130.0,2.63,421.0,8.5,104.0,101.0,,,2017-04-16,2017-04-22,2017-04-19 00:00:00,0.0263,0.085,0.0327
2017,17,23/04 - 29/04,3948.0,130,3.29,98.0,2.48,294.0,7.45,84.0,77.0,,,2017-04-23,2017-04-29,2017-04-26 00:00:00,0.0248,0.0745,0.0329
2017,18,30/04 - 06/05,4121.0,126,3.06,77.0,1.87,334.0,8.1,92.0,83.0,,,2017-04-30,2017-05-06,2017-05-03 00:00:00,0.0187,0.081,0.030600000000000002
2017,19,07/05 - 13/05,4157.0,124,2.98,81.0,1.95,374.0,9.0,93.0,86.0,,,2017-05-07,2017-05-13,2017-05-10 00:00:00,0.0195,0.09,0.0298
2017,20,14/05 - 20/05,4366.0,125,2.86,89.0,2.04,420.0,9.62,82.0,73.0,,,2017-05-14,2017-05-20,2017-05-17 00:00:00,0.0204,0.0962,0.0286
2017,21,21/05 - 27/05,4412.0,112,2.54,68.0,1.54,499.0,11.31,96.0,84.0,,,2017-05-21,2017-05-27,2017-05-24 00:00:00,0.0154,0.1131,0.0254
2017,22,28/05 - 03/06,4691.0,142,3.03,65.0,1.39,507.0,10.81,89.0,75.0,,,2017-05-28,2017-06-03,2017-05-31 00:00:00,0.0139,0.1081,0.030299999999999997
2017,23,04/06 - 10/06,4456.0,137,3.07,61.0,1.37,463.0,10.39,83.0,68.0,,,2017-06-04,2017-06-10,2017-06-07 00:00:00,0.0137,0.1039,0.030699999999999998
2017,24,11/06 - 17/06,4429.0,142,3.21,81.0,1.83,413.0,9.32,105.0,76.0,,,2017-06-11,2017-06-17,2017-06-14 00:00:00,0.0183,0.0932,0.0321
2017,25,18/06 - 24/06,4441.0,134,3.02,79.0,1.78,332.0,7.48,92.0,60.0,,,2017-06-18,2017-06-24,2017-06-21 00:00:00,0.0178,0.0748,0.0302
2017,26,25/06 - 01/07,4883.0,180,3.69,113.0,2.31,392.0,8.03,79.0,44.0,,,2017-06-25,2017-07-01,2017-06-28 00:00:00,0.0231,0.0803,0.0369
2017,27,02/07 - 08/07,6153.0,200,3.25,167.0,2.71,477.0,7.75,108.0,57.0,,,2017-07-02,2017-07-08,2017-07-05 00:00:00,0.0271,0.0775,0.0325
2017,28,09/07 - 15/07,6753.0,154,2.28,201.0,2.98,459.0,6.8,98.0,50.0,,,2017-07-09,2017-07-15,2017-07-12 00:00:00,0.0298,0.068,0.022799999999999997
2017,29,16/07 - 22/07,6839.0,152,2.22,271.0,3.96,380.0,5.56,88.0,51.0,,,2017-07-16,2017-07-22,2017-07-19 00:00:00,0.039599999999999996,0.0556,0.0222
2017,30,23/07 - 29/07,6791.0,142,2.09,301.0,4.43,311.0,4.58,96.0,62.0,,,2017-07-23,2017-07-29,2017-07-26 00:00:00,0.0443,0.0458,0.0209
2017,31,30/07 - 05/08,5742.0,91,1.58,299.0,5.21,294.0,5.12,93.0,62.0,,,2017-07-30,2017-08-05,2017-08-02 00:00:00,0.0521,0.0512,0.0158
2017,32,06/08 - 12/08,5099.0,116,2.27,358.0,7.02,203.0,3.98,89.0,42.0,,,2017-08-06,2017-08-12,2017-08-09 00:00:00,0.0702,0.0398,0.0227
2017,33,13/08 - 19/08,4590.0,78,1.7,341.0,7.43,194.0,4.23,94.0,59.0,,,2017-08-13,2017-08-19,2017-08-16 00:00:00,0.07429999999999999,0.042300000000000004,0.017
2017,34,20/08 - 26/08,4214.0,68,1.61,395.0,9.37,206.0,4.89,103.0,59.0,,,2017-08-20,2017-08-26,2017-08-23 00:00:00,0.09369999999999999,0.0489,0.0161
2017,35,27/08 - 02/09,3835.0,79,2.06,323.0,8.42,220.0,5.74,87.0,68.0,,,2017-08-27,2017-09-02,2017-08-30 00:00:00,0.0842,0.0574,0.0206
2017,36,03/09 - 09/09,3774.0,56,1.48,375.0,9.94,252.0,6.68,89.0,76.0,,,2017-09-03,2017-09-09,2017-09-06 00:00:00,0.09939999999999999,0.0668,0.0148
2017,37,10/09 - 16/09,4046.0,58,1.43,401.0,9.91,363.0,8.97,95.0,78.0,,,2017-09-10,2017-09-16,2017-09-13 00:00:00,0.09910000000000001,0.0897,0.0143
2017,38,17/09 - 23/09,4123.0,75,1.82,337.0,8.17,502.0,12.18,100.0,96.0,,,2017-09-17,2017-09-23,2017-09-20 00:00:00,0.0817,0.12179999999999999,0.0182
2017,39,24/09 - 30/09,3898.0,61,1.56,329.0,8.44,487.0,12.49,94.0,91.0,,,2017-09-24,2017-09-30,2017-09-27 00:00:00,0.08439999999999999,0.1249,0.015600000000000001
2017,40,01/10 - 07/10,3560.0,79,2.22,282.0,7.92,492.0,13.82,95.0,81.0,,,2017-10-01,2017-10-07,2017-10-04 00:00:00,0.07919999999999999,0.1382,0.0222
2017,41,08/10 - 14/10,3838.0,87,2.27,259.0,6.75,482.0,12.56,82.0,73.0,,,2017-10-08,2017-10-14,2017-10-11 00:00:00,0.0675,0.12560000000000002,0.0227
2017,42,15/10 - 21/10,3653.0,98,2.68,206.0,5.64,444.0,12.15,102.0,90.0,,,2017-10-15,2017-10-21,2017-10-18 00:00:00,0.0564,0.1215,0.0268
2017,43,22/10 - 28/10,3348.0,108,3.23,120.0,3.58,436.0,13.02,90.0,77.0,,,2017-10-22,2017-10-28,2017-10-25 00:00:00,0.0358,0.13019999999999998,0.0323
2017,44,29/10 - 04/11,4171.0,107,2.57,91.0,2.18,476.0,11.41,103.0,91.0,,,2017-10-29,2017-11-04,2017-11-01 00:00:00,0.0218,0.11410000000000001,0.025699999999999997
2017,45,05/11 - 11/11,3891.0,95,2.44,74.0,1.9,448.0,11.51,81.0,72.0,,,2017-11-05,2017-11-11,2017-11-08 00:00:00,0.019,0.1151,0.024399999999999998
2017,46,12/11 - 18/11,3780.0,95,2.51,37.0,0.98,404.0,10.69,103.0,95.0,,,2017-11-12,2017-11-18,2017-11-15 00:00:00,0.0098,0.1069,0.025099999999999997
2017,47,19/11 - 25/11,3667.0,93,2.54,30.0,0.82,398.0,10.85,101.0,95.0,,,2017-11-19,2017-11-25,2017-11-22 00:00:00,0.008199999999999999,0.1085,0.0254
2017,48,26/11 - 02/12,3792.0,94,2.48,26.0,0.69,370.0,9.76,95.0,89.0,,,2017-11-26,2017-12-02,2017-11-29 00:00:00,0.0069,0.09759999999999999,0.0248
2017,49,03/12 - 09/12,3882.0,98,2.52,33.0,0.85,413.0,10.64,102.0,99.0,,,2017-12-03,2017-12-09,2017-12-06 00:00:00,0.0085,0.10640000000000001,0.0252
2017,50,10/12 - 16/12,4094.0,73,1.78,17.0,0.42,437.0,10.67,104.0,104.0,,,2017-12-10,2017-12-16,2017-12-13 00:00:00,0.0042,0.1067,0.0178
2017,51,17/12 - 23/12,4085.0,75,1.84,24.0,0.59,405.0,9.91,100.0,96.0,,,2017-12-17,2017-12-23,2017-12-20 00:00:00,0.0059,0.09910000000000001,0.0184
2017,52,24/12 - 30/12,4518.0,105,2.32,20.0,0.44,418.0,9.25,109.0,107.0,,,2017-12-24,2017-12-30,2017-12-27 00:00:00,0.0044,0.0925,0.0232
2018,1,31/12/2017 - 06/01,4692.0,90,1.92,28.0,0.6,34.0,0.72,411.0,8.76,,,2017-12-31,2018-01-06,2018-01-03 00:00:00,0.006,0.0072,0.0192
2018,2,07/01 - 13/01,5105.0,98,1.92,18.0,0.35,27.0,0.53,389.0,7.62,,,2018-01-07,2018-01-13,2018-01-10 00:00:00,0.0034999999999999996,0.0053,0.0192
2018,3,14/01 - 20/01,7176.0,102,1.42,29.0,0.4,52.0,0.72,461.0,6.42,,,2018-01-14,2018-01-20,2018-01-17 00:00:00,0.004,0.0072,0.014199999999999999
2018,4,21/01 - 27/01,7562.0,81,1.07,45.0,0.6,72.0,0.95,468.0,6.19,,,2018-01-21,2018-01-27,2018-01-24 00:00:00,0.006,0.0095,0.010700000000000001
2018,5,28/01 - 03/02,7399.0,97,1.31,68.0,0.92,62.0,0.84,456.0,6.16,,,2018-01-28,2018-02-03,2018-01-31 00:00:00,0.0092,0.0084,0.0131
2018,6,04/02 - 10/02,8350.0,90,1.08,47.0,0.56,89.0,1.07,453.0,5.43,,,2018-02-04,2018-02-10,2018-02-07 00:00:00,0.005600000000000001,0.010700000000000001,0.0108
2018,7,11/02 - 17/02,6322.0,47,0.74,35.0,0.55,81.0,1.28,296.0,4.68,,,2018-02-11,2018-02-17,2018-02-14 00:00:00,0.0055000000000000005,0.0128,0.0074
2018,8,18/02 - 24/02,9638.0,93,0.96,57.0,0.59,119.0,1.23,491.0,5.09,,,2018-02-18,2018-02-24,2018-02-21 00:00:00,0.0059,0.0123,0.0096
2018,9,25/02 - 03/03,7363.0,82,1.11,66.0,0.9,138.0,1.87,365.0,4.96,,,2018-02-25,2018-03-03,2018-02-28 00:00:00,0.009000000000000001,0.0187,0.0111
2018,10,04/03 - 10/03,6375.0,83,1.3,87.0,1.36,135.0,2.12,338.0,5.3,,,2018-03-04,2018-03-10,2018-03-07 00:00:00,0.013600000000000001,0.0212,0.013000000000000001
2018,11,11/03 - 17/03,5655.0,52,0.92,82.0,1.45,198.0,3.5,366.0,6.47,,,2018-03-11,2018-03-17,2018-03-14 00:00:00,0.014499999999999999,0.035,0.0092
2018,12,18/03 - 24/03,5426.0,58,1.07,107.0,1.97,184.0,3.39,460.0,8.48,,,2018-03-18,2018-03-24,2018-03-21 00:00:00,0.0197,0.0339,0.010700000000000001
2018,13,25/03 - 31/03,3988.0,42,1.05,61.0,1.53,133.0,3.34,444.0,11.13,,,2018-03-25,2018-03-31,2018-03-28 00:00:00,0.015300000000000001,0.0334,0.0105
2018,14,01/04 - 07/04,5831.0,72,1.23,93.0,1.59,247.0,4.24,654.0,11.22,,,2018-04-01,2018-04-07,2018-04-04 00:00:00,0.0159,0.0424,0.0123
2018,15,08/04 - 14/04,4503.0,48,1.07,71.0,1.58,185.0,4.11,524.0,11.64,,,2018-04-08,2018-04-14,2018-04-11 00:00:00,0.0158,0.041100000000000005,0.010700000000000001
2018,16,15/04 - 21/04,4308.0,55,1.28,67.0,1.56,177.0,4.11,461.0,10.7,,,2018-04-15,2018-04-21,2018-04-18 00:00:00,0.015600000000000001,0.041100000000000005,0.0128
2018,17,22/04 - 28/04,4348.0,48,1.1,59.0,1.36,167.0,3.84,509.0,11.71,,,2018-04-22,2018-04-28,2018-04-25 00:00:00,0.013600000000000001,0.0384,0.011000000000000001
2018,18,29/04 - 05/05,4334.0,51,1.18,61.0,1.41,208.0,4.8,564.0,13.01,,,2018-04-29,2018-05-05,2018-05-02 00:00:00,0.0141,0.048,0.0118
2018,19,06/05 - 12/05,4205.0,60,1.43,71.0,1.69,227.0,5.4,502.0,11.94,,,2018-05-06,2018-05-12,2018-05-09 00:00:00,0.0169,0.054000000000000006,0.0143
2018,20,13/05 - 19/05,4329.0,46,1.06,88.0,2.03,248.0,5.73,526.0,12.15,,,2018-05-13,2018-05-19,2018-05-16 00:00:00,0.0203,0.057300000000000004,0.0106
2018,21,20/05 - 26/05,4229.0,44,1.04,84.0,1.99,272.0,6.43,489.0,11.56,,,2018-05-20,2018-05-26,2018-05-23 00:00:00,0.0199,0.0643,0.0104
2018,22,27/05 - 02/06,4201.0,44,1.05,141.0,3.36,269.0,6.4,456.0,10.85,,,2018-05-27,2018-06-02,2018-05-30 00:00:00,0.0336,0.064,0.0105
2018,23,03/06 - 09/06,4004.0,39,0.97,114.0,2.85,211.0,5.27,383.0,9.57,,,2018-06-03,2018-06-09,2018-06-06 00:00:00,0.0285,0.0527,0.0097
2018,24,10/06 - 16/06,4102.0,38,0.93,161.0,3.92,195.0,4.75,325.0,7.92,,,2018-06-10,2018-06-16,2018-06-13 00:00:00,0.0392,0.0475,0.009300000000000001
2018,25,17/06 - 23/06,3927.0,35,0.89,125.0,3.18,222.0,5.65,324.0,8.25,,,2018-06-17,2018-06-23,2018-06-20 00:00:00,0.0318,0.0565,0.0089
2018,26,24/06 - 30/06,3985.0,53,1.33,153.0,3.84,203.0,5.09,340.0,8.53,,,2018-06-24,2018-06-30,2018-06-27 00:00:00,0.0384,0.0509,0.013300000000000001
2018,27,01/07 - 07/07,3835.0,71,1.85,160.0,4.17,196.0,5.11,360.0,9.39,,,2018-07-01,2018-07-07,2018-07-04 00:00:00,0.0417,0.051100000000000007,0.018500000000000003
2018,28,08/07 - 14/07,3848.0,54,1.4,207.0,5.38,176.0,4.57,342.0,8.89,,,2018-07-08,2018-07-14,2018-07-11 00:00:00,0.0538,0.045700000000000005,0.013999999999999999
2018,29,15/07 - 21/07,4238.0,61,1.44,222.0,5.24,154.0,3.63,430.0,10.15,,,2018-07-15,2018-07-21,2018-07-18 00:00:00,0.0524,0.0363,0.0144
2018,30,22/07 - 28/07,4801.0,43,1.05,197.0,4.83,144.0,3.53,317.0,7.77,,,2018-07-22,2018-07-28,2018-07-25 00:00:00,0.0483,0.0353,0.0105
2018,31,29/07 - 04/08,4077.0,43,1.05,213.0,5.22,120.0,2.94,285.0,6.99,,,2018-07-29,2018-08-04,2018-08-01 00:00:00,0.052199999999999996,0.0294,0.0105
2018,32,05/08 - 11/08,4183.0,46,1.1,236.0,5.64,118.0,2.82,249.0,5.95,,,2018-08-05,2018-08-11,2018-08-08 00:00:00,0.0564,0.0282,0.011000000000000001
2018,33,12/08 - 18/08,4149.0,34,0.82,227.0,5.47,104.0,2.51,241.0,5.81,,,2018-08-12,2018-08-18,2018-08-15 00:00:00,0.0547,0.025099999999999997,0.008199999999999999
2018,34,19/08 - 25/08,4190.0,42,1.0,258.0,6.16,93.0,2.22,247.0,5.89,,,2018-08-19,2018-08-25,2018-08-22 00:00:00,0.0616,0.0222,0.01
2018,35,26/08 - 01/09,4245.0,55,1.3,250.0,5.89,83.0,1.96,245.0,5.77,,,2018-08-26,2018-09-01,2018-08-29 00:00:00,0.058899999999999994,0.0196,0.013000000000000001
2018,36,02/09 - 08/09,4207.0,57,1.35,236.0,5.61,50.0,1.19,270.0,6.42,,,2018-09-02,2018-09-08,2018-09-05 00:00:00,0.056100000000000004,0.011899999999999999,0.013500000000000002
2018,37,09/09 - 15/09,4321.0,58,1.34,229.0,5.3,49.0,1.13,426.0,9.86,,,2018-09-09,2018-09-15,2018-09-12 00:00:00,0.053,0.0113,0.0134
2018,38,16/09 - 22/09,3991.0,46,1.15,206.0,5.16,32.0,0.8,456.0,11.43,,,2018-09-16,2018-09-22,2018-09-19 00:00:00,0.0516,0.008,0.0115
2018,39,23/09 - 29/09,4083.0,46,1.13,205.0,5.02,39.0,0.96,455.0,11.14,,,2018-09-23,2018-09-29,2018-09-26 00:00:00,0.050199999999999995,0.0096,0.0113
2018,40,30/09 - 06/10,4200.0,66,1.57,194.0,4.62,36.0,0.86,498.0,11.86,,,2018-09-30,2018-10-06,2018-10-03 00:00:00,0.0462,0.0086,0.015700000000000002
2018,41,07/10 - 13/10,4299.0,61,1.42,126.0,2.93,27.0,0.63,521.0,12.12,,,2018-10-07,2018-10-13,2018-10-10 00:00:00,0.029300000000000003,0.0063,0.014199999999999999
2018,42,14/10 - 20/10,4006.0,52,1.3,101.0,2.52,18.0,0.45,484.0,12.08,,,2018-10-14,2018-10-20,2018-10-17 00:00:00,0.0252,0.0045000000000000005,0.013000000000000001
2018,43,21/10 - 27/10,4256.0,53,1.25,102.0,2.4,23.0,0.54,547.0,12.85,,,2018-10-21,2018-10-27,2018-10-24 00:00:00,0.024,0.0054,0.0125
2018,44,28/10 - 03/11,4449.0,71,1.6,83.0,1.87,38.0,0.85,546.0,12.27,,,2018-10-28,2018-11-03,2018-10-31 00:00:00,0.0187,0.0085,0.016
2018,45,04/11 - 10/11,4562.0,76,1.67,69.0,1.51,30.0,0.66,573.0,12.56,,,2018-11-04,2018-11-10,2018-11-07 00:00:00,0.0151,0.0066,0.0167
2018,46,11/11 - 17/11,4513.0,67,1.48,62.0,1.37,14.0,0.31,553.0,12.25,,,2018-11-11,2018-11-17,2018-11-14 00:00:00,0.0137,0.0031,0.0148
2018,47,18/11 - 24/11,4522.0,81,1.79,57.0,1.26,16.0,0.35,551.0,12.18,,,2018-11-18,2018-11-24,2018-11-21 00:00:00,0.0126,0.0034999999999999996,0.0179
2018,48,25/11 - 01/12,4585.0,61,1.33,57.0,1.24,15.0,0.33,607.0,13.24,,,2018-11-25,2018-12-01,2018-11-28 00:00:00,0.0124,0.0033,0.013300000000000001
2018,49,02/12 - 08/12,5265.0,91,1.73,65.0,1.23,22.0,0.42,710.0,13.49,,,2018-12-02,2018-12-08,2018-12-05 00:00:00,0.0123,0.0042,0.0173
2018,50,09/12 - 15/12,4934.0,81,1.64,73.0,1.48,28.0,0.57,616.0,12.48,,,2018-12-09,2018-12-15,2018-12-12 00:00:00,0.0148,0.005699999999999999,0.016399999999999998
2018,51,16/12 - 22/12,5673.0,77,1.36,82.0,1.45,32.0,0.56,621.0,10.95,,,2018-12-16,2018-12-22,2018-12-19 00:00:00,0.014499999999999999,0.005600000000000001,0.013600000000000001
2018,52,23/12 - 29/12,5541.0,80,1.44,101.0,1.82,36.0,0.65,599.0,10.81,,,2018-12-23,2018-12-29,2018-12-26 00:00:00,0.0182,0.006500000000000001,0.0144
2019,1,30/12/2018 - 05/01,6055.0,81,1.34,113.0,1.87,49.0,0.81,519.0,8.57,,,2018-12-30,2019-01-05,2019-01-02 00:00:00,0.0187,0.008100000000000001,0.0134
2019,2,06/01 - 12/01,7326.0,109,1.49,141.0,1.92,75.0,1.02,581.0,7.93,,,2019-01-06,2019-01-12,2019-01-09 00:00:00,0.0192,0.0102,0.0149
2019,3,13/01 - 19/01,7707.0,99,1.28,211.0,2.74,64.0,0.83,633.0,8.21,,,2019-01-13,2019-01-19,2019-01-16 00:00:00,0.0274,0.0083,0.0128
2019,4,20/01 - 26/01,7826.0,98,1.25,212.0,2.71,94.0,1.2,702.0,8.97,,,2019-01-20,2019-01-26,2019-01-23 00:00:00,0.0271,0.012,0.0125
2019,5,27/01 - 02/02,7095.0,83,1.17,207.0,2.92,83.0,1.17,602.0,8.48,,,2019-01-27,2019-02-02,2019-01-30 00:00:00,0.0292,0.011699999999999999,0.011699999999999999
2019,6,03/02 - 09/02,6073.0,52,0.86,126.0,2.07,97.0,1.6,492.0,8.1,,,2019-02-03,2019-02-09,2019-02-06 00:00:00,0.0207,0.016,0.0086
2019,7,10/02 - 16/02,6374.0,77,1.21,138.0,2.17,133.0,2.09,464.0,7.28,,,2019-02-10,2019-02-16,2019-02-13 00:00:00,0.0217,0.0209,0.0121
2019,8,17/02 - 23/02,6243.0,75,1.2,188.0,3.01,142.0,2.27,433.0,6.94,,,2019-02-17,2019-02-23,2019-02-20 00:00:00,0.0301,0.0227,0.012
2019,9,24/02 - 02/03,6164.0,59,0.96,146.0,2.37,166.0,2.69,449.0,7.28,,,2019-02-24,2019-03-02,2019-02-27 00:00:00,0.023700000000000002,0.0269,0.0096
2019,10,03/03 - 09/03,5973.0,79,1.32,175.0,2.93,232.0,3.88,509.0,8.52,,,2019-03-03,2019-03-09,2019-03-06 00:00:00,0.029300000000000003,0.0388,0.0132
2019,11,10/03 - 16/03,5964.0,63,1.06,173.0,2.9,245.0,4.11,627.0,10.51,,,2019-03-10,2019-03-16,2019-03-13 00:00:00,0.028999999999999998,0.041100000000000005,0.0106
2019,12,17/03 - 23/03,6475.0,76,1.17,181.0,2.8,312.0,4.82,674.0,10.41,,,2019-03-17,2019-03-23,2019-03-20 00:00:00,0.027999999999999997,0.0482,0.011699999999999999
2019,13,24/03 - 30/03,6117.0,70,1.14,157.0,2.57,315.0,5.15,694.0,11.35,,,2019-03-24,2019-03-30,2019-03-27 00:00:00,0.025699999999999997,0.051500000000000004,0.011399999999999999
2019,14,31/03 - 06/04,5410.0,75,1.39,154.0,2.85,290.0,5.36,660.0,12.2,,,2019-03-31,2019-04-06,2019-04-03 00:00:00,0.0285,0.0536,0.0139
2019,15,07/04 - 13/04,6209.0,83,1.34,123.0,1.98,358.0,5.77,666.0,10.73,,,2019-04-07,2019-04-13,2019-04-10 00:00:00,0.019799999999999998,0.057699999999999994,0.0134
2019,16,14/04 - 20/04,4306.0,60,1.39,123.0,2.86,236.0,5.48,551.0,12.8,,,2019-04-14,2019-04-20,2019-04-17 00:00:00,0.0286,0.0548,0.0139
2019,17,21/04 - 27/04,6579.0,81,1.23,159.0,2.42,366.0,5.56,684.0,10.4,,,2019-04-21,2019-04-27,2019-04-24 00:00:00,0.0242,0.0556,0.0123
2019,18,28/04 - 04/05,5439.0,77,1.42,119.0,2.19,261.0,4.8,502.0,9.23,,,2019-04-28,2019-05-04,2019-05-01 00:00:00,0.0219,0.048,0.014199999999999999
2019,19,05/05 - 11/05,5433.0,74,1.36,95.0,1.75,277.0,5.1,531.0,9.77,,,2019-05-05,2019-05-11,2019-05-08 00:00:00,0.0175,0.051,0.013600000000000001
2019,20,12/05 - 18/05,5508.0,97,1.76,91.0,1.65,232.0,4.21,520.0,9.44,,,2019-05-12,2019-05-18,2019-05-15 00:00:00,0.0165,0.0421,0.0176
2019,21,19/05 - 25/05,5585.0,79,1.41,106.0,1.9,239.0,4.28,559.0,10.01,,,2019-05-19,2019-05-25,2019-05-22 00:00:00,0.019,0.042800000000000005,0.0141
2019,22,26/05 - 01/06,5059.0,79,1.56,79.0,1.56,228.0,4.51,536.0,10.59,,,2019-05-26,2019-06-01,2019-05-29 00:00:00,0.015600000000000001,0.0451,0.015600000000000001
2019,23,02/06 - 08/06,4818.0,54,1.12,77.0,1.6,167.0,3.47,451.0,9.36,,,2019-06-02,2019-06-08,2019-06-05 00:00:00,0.016,0.0347,0.011200000000000002
2019,24,09/06 - 15/06,5527.0,76,1.38,87.0,1.57,189.0,3.42,519.0,9.39,,,2019-06-09,2019-06-15,2019-06-12 00:00:00,0.015700000000000002,0.0342,0.0138
2019,25,16/06 - 22/06,5401.0,85,1.57,86.0,1.59,152.0,2.81,468.0,8.67,,,2019-06-16,2019-06-22,2019-06-19 00:00:00,0.0159,0.0281,0.015700000000000002
2019,26,23/06 - 29/06,5262.0,95,1.81,109.0,2.07,168.0,3.19,462.0,8.78,,,2019-06-23,2019-06-29,2019-06-26 00:00:00,0.0207,0.0319,0.0181
2019,27,30/06 - 06/07,4800.0,100,2.08,79.0,1.65,119.0,2.48,390.0,8.13,,,2019-06-30,2019-07-06,2019-07-03 00:00:00,0.0165,0.0248,0.0208
2019,28,07/07 - 13/07,5033.0,141,2.8,125.0,2.48,112.0,2.23,397.0,7.89,,,2019-07-07,2019-07-13,2019-07-10 00:00:00,0.0248,0.0223,0.027999999999999997
2019,29,14/07 - 20/07,5210.0,119,2.28,149.0,2.86,89.0,1.71,432.0,8.29,,,2019-07-14,2019-07-20,2019-07-17 00:00:00,0.0286,0.0171,0.022799999999999997
2019,30,21/07 - 27/07,4746.0,105,2.21,130.0,2.74,89.0,1.88,322.0,6.78,,,2019-07-21,2019-07-27,2019-07-24 00:00:00,0.0274,0.018799999999999997,0.022099999999999998
2019,31,28/07 - 03/08,4508.0,113,2.51,140.0,3.11,56.0,1.24,287.0,6.37,,,2019-07-28,2019-08-03,2019-07-31 00:00:00,0.0311,0.0124,0.025099999999999997
2019,32,04/08 - 10/08,4721.0,122,2.58,146.0,3.09,43.0,0.91,259.0,5.49,,,2019-08-04,2019-08-10,2019-08-07 00:00:00,0.030899999999999997,0.0091,0.0258
2019,33,11/08 - 17/08,4686.0,73,1.56,142.0,3.03,42.0,0.9,276.0,5.89,,,2019-08-11,2019-08-17,2019-08-14 00:00:00,0.030299999999999997,0.009000000000000001,0.015600000000000001
2019,34,18/08 - 24/08,4462.0,99,2.22,133.0,2.98,36.0,0.81,302.0,6.77,,,2019-08-18,2019-08-24,2019-08-21 00:00:00,0.0298,0.008100000000000001,0.0222
2019,35,25/08 - 31/08,4370.0,72,1.65,139.0,3.18,27.0,0.62,247.0,5.65,,,2019-08-25,2019-08-31,2019-08-28 00:00:00,0.0318,0.0062,0.0165
2019,36,01/09 - 07/09,4297.0,84,1.95,136.0,3.16,25.0,0.58,281.0,6.54,,,2019-09-01,2019-09-07,2019-09-04 00:00:00,0.0316,0.0058,0.0195
2019,37,08/09 - 14/09,4127.0,64,1.55,136.0,3.3,18.0,0.44,302.0,7.32,,,2019-09-08,2019-09-14,2019-09-11 00:00:00,0.033,0.0044,0.0155
2019,38,15/09 - 21/09,5345.0,109,2.04,202.0,3.78,33.0,0.62,549.0,10.27,,,2019-09-15,2019-09-21,2019-09-18 00:00:00,0.0378,0.0062,0.0204
2019,39,22/09 - 28/09,4904.0,70,1.43,140.0,2.85,16.0,0.33,553.0,11.28,,,2019-09-22,2019-09-28,2019-09-25 00:00:00,0.0285,0.0033,0.0143
2019,40,29/09 - 05/10,4798.0,103,2.15,92.0,1.92,19.0,0.4,512.0,10.67,,,2019-09-29,2019-10-05,2019-10-02 00:00:00,0.0192,0.004,0.0215
2019,41,06/10 - 12/10,4317.0,77,1.78,62.0,1.44,7.0,0.16,454.0,10.52,,,2019-10-06,2019-10-12,2019-10-09 00:00:00,0.0144,0.0016,0.0178
2019,42,13/10 - 19/10,4294.0,73,1.7,72.0,1.68,12.0,0.28,367.0,8.55,,,2019-10-13,2019-10-19,2019-10-16 00:00:00,0.0168,0.0028000000000000004,0.017
2019,43,20/10 - 26/10,4743.0,94,1.98,68.0,1.43,9.0,0.19,403.0,8.5,,,2019-10-20,2019-10-26,2019-10-23 00:00:00,0.0143,0.0019,0.019799999999999998
2019,44,27/10 - 02/11,4676.0,94,2.01,60.0,1.28,14.0,0.3,374.0,8.0,,,2019-10-27,2019-11-02,2019-10-30 00:00:00,0.0128,0.003,0.020099999999999996
2019,45,03/11 - 09/11,4784.0,86,1.8,33.0,0.69,17.0,0.36,402.0,8.4,,,2019-11-03,2019-11-09,2019-11-06 00:00:00,0.0069,0.0036,0.018000000000000002
2019,46,10/11 - 16/11,4740.0,79,1.67,38.0,0.8,9.0,0.19,413.0,8.71,,,2019-11-10,2019-11-16,2019-11-13 00:00:00,0.008,0.0019,0.0167
2019,47,17/11 - 23/11,4781.0,78,1.63,19.0,0.4,6.0,0.13,376.0,7.86,,,2019-11-17,2019-11-23,2019-11-20 00:00:00,0.004,0.0013,0.0163
2019,48,24/11 - 30/11,4794.0,73,1.52,21.0,0.44,7.0,0.15,334.0,6.97,,,2019-11-24,2019-11-30,2019-11-27 00:00:00,0.0044,0.0015,0.0152
2019,49,01/12 - 07/12,4799.0,63,1.31,22.0,0.46,4.0,0.08,394.0,8.21,,,2019-12-01,2019-12-07,2019-12-04 00:00:00,0.0046,0.0008,0.0131
2019,50,08/12 - 14/12,5725.0,70,1.22,18.0,0.31,10.0,0.17,405.0,7.07,,,2019-12-08,2019-12-14,2019-12-11 00:00:00,0.0031,0.0017000000000000001,0.012199999999999999
2019,51,15/12 - 21/12,5974.0,45,0.75,19.0,0.32,4.0,0.07,453.0,7.58,,,2019-12-15,2019-12-21,2019-12-18 00:00:00,0.0032,0.0007000000000000001,0.0075
2019,52,22/12 - 28/12,5366.0,56,1.04,20.0,0.37,4.0,0.07,412.0,7.68,,,2019-12-22,2019-12-28,2019-12-25 00:00:00,0.0037,0.0007000000000000001,0.0104
2020,1,29/12/2019 - 04/01,5711.0,43,0.75,47.0,0.82,13.0,0.23,337.0,5.9,,,2019-12-29,2020-01-04,2020-01-01 00:00:00,0.008199999999999999,0.0023,0.0075
2020,2,05/01 - 11/01,6893.0,96,1.39,68.0,0.99,27.0,0.39,431.0,6.25,,,2020-01-05,2020-01-11,2020-01-08 00:00:00,0.009899999999999999,0.0039000000000000003,0.0139
2020,3,12/01 - 18/01,6342.0,103,1.62,77.0,1.21,20.0,0.32,495.0,7.81,,,2020-01-12,2020-01-18,2020-01-15 00:00:00,0.0121,0.0032,0.016200000000000003
2020,4,19/01 - 25/01,6294.0,96,1.53,85.0,1.35,47.0,0.75,476.0,7.56,,,2020-01-19,2020-01-25,2020-01-22 00:00:00,0.013500000000000002,0.0075,0.015300000000000001
2020,5,26/01 - 01/02,7076.0,77,1.09,120.0,1.7,42.0,0.59,463.0,6.54,,,2020-01-26,2020-02-01,2020-01-29 00:00:00,0.017,0.0059,0.0109
2020,6,02/02 - 08/02,5650.0,74,1.31,70.0,1.24,28.0,0.5,241.0,4.27,,,2020-02-02,2020-02-08,2020-02-05 00:00:00,0.0124,0.005,0.0131
2020,7,09/02 - 15/02,4965.0,57,1.15,35.0,0.7,16.0,0.32,127.0,2.56,,,2020-02-09,2020-02-15,2020-02-12 00:00:00,0.006999999999999999,0.0032,0.0115
2020,8,16/02 - 22/02,299.0,12,4.01,12.0,4.01,3.0,1.0,39.0,13.04,,,2020-02-16,2020-02-22,2020-02-19 00:00:00,0.0401,0.01,0.0401
2020,9,23/02 - 29/02,318.0,13,4.09,3.0,0.94,3.0,0.94,26.0,8.18,,,2020-02-23,2020-02-29,2020-02-26 00:00:00,0.009399999999999999,0.009399999999999999,0.0409
2020,10,01/03 - 07/03,279.0,11,3.94,5.0,1.79,1.0,0.36,20.0,7.17,,,2020-03-01,2020-03-07,2020-03-04 00:00:00,0.0179,0.0036,0.0394
2020,11,08/03 - 14/03,321.0,16,4.98,4.0,1.25,3.0,0.93,27.0,8.41,,,2020-03-08,2020-03-14,2020-03-11 00:00:00,0.0125,0.009300000000000001,0.049800000000000004
2020,12,15/03 - 21/03,424.0,18,4.25,6.0,1.42,4.0,0.94,55.0,12.97,,,2020-03-15,2020-03-21,2020-03-18 00:00:00,0.014199999999999999,0.009399999999999999,0.0425
2020,13,22/03 - 28/03,359.0,14,3.9,7.0,1.95,2.0,0.56,32.0,8.91,,,2020-03-22,2020-03-28,2020-03-25 00:00:00,0.0195,0.005600000000000001,0.039
2020,14,29/03 - 04/04,243.0,9,3.7,2.0,0.82,0.0,0.0,10.0,4.12,,,2020-03-29,2020-04-04,2020-04-01 00:00:00,0.008199999999999999,0.0,0.037000000000000005
2020,15,05/04 - 11/04,227.0,8,3.52,2.0,0.88,0.0,0.0,14.0,6.17,,,2020-04-05,2020-04-11,2020-04-08 00:00:00,0.0088,0.0,0.0352
2020,16,12/04 - 18/04,236.0,10,4.24,1.0,0.42,1.0,0.42,7.0,2.97,,,2020-04-12,2020-04-18,2020-04-15 00:00:00,0.0042,0.0042,0.0424
2020,17,19/04 - 25/04,243.0,6,2.47,4.0,1.65,1.0,0.41,7.0,2.88,,,2020-04-19,2020-04-25,2020-04-22 00:00:00,0.0165,0.0040999999999999995,0.024700000000000003
2020,18,26/04 - 02/05,278.0,7,2.52,0.0,0.0,0.0,0.0,8.0,2.88,,,2020-04-26,2020-05-02,2020-04-29 00:00:00,0.0,0.0,0.0252
2020,19,03/05 - 09/05,241.0,9,3.73,0.0,0.0,0.0,0.0,2.0,0.83,,,2020-05-03,2020-05-09,2020-05-06 00:00:00,0.0,0.0,0.0373
2020,20,10/05 - 16/05,316.0,6,1.9,1.0,0.32,0.0,0.0,5.0,1.58,,,2020-05-10,2020-05-16,2020-05-13 00:00:00,0.0032,0.0,0.019
2020,21,17/05 - 23/05,319.0,11,3.45,0.0,0.0,0.0,0.0,10.0,3.13,,,2020-05-17,2020-05-23,2020-05-20 00:00:00,0.0,0.0,0.0345
2020,22,24/05 - 30/05,292.0,4,1.37,1.0,0.34,0.0,0.0,5.0,1.71,,,2020-05-24,2020-05-30,2020-05-27 00:00:00,0.0034000000000000002,0.0,0.0137
2020,23,31/05 - 06/06,345.0,6,1.74,1.0,0.29,0.0,0.0,8.0,2.32,,,2020-05-31,2020-06-06,2020-06-03 00:00:00,0.0029,0.0,0.0174
2020,24,07/06 - 13/06,341.0,7,2.05,0.0,0.0,0.0,0.0,10.0,2.93,,,2020-06-07,2020-06-13,2020-06-10 00:00:00,0.0,0.0,0.020499999999999997
2020,25,14/06 - 20/06,341.0,7,2.05,0.0,0.0,0.0,0.0,15.0,4.4,,,2020-06-14,2020-06-20,2020-06-17 00:00:00,0.0,0.0,0.020499999999999997
2020,26,21/06 - 27/06,342.0,8,2.34,0.0,0.0,0.0,0.0,9.0,2.63,,,2020-06-21,2020-06-27,2020-06-24 00:00:00,0.0,0.0,0.023399999999999997
2020,27,28/06 - 04/07,323.0,7,2.17,1.0,0.31,0.0,0.0,14.0,4.33,,,2020-06-28,2020-07-04,2020-07-01 00:00:00,0.0031,0.0,0.0217
2020,28,05/07 - 11/07,380.0,10,2.63,1.0,0.26,0.0,0.0,17.0,4.47,,,2020-07-05,2020-07-11,2020-07-08 00:00:00,0.0026,0.0,0.0263
2020,29,12/07 - 18/07,369.0,4,1.08,0.0,0.0,0.0,0.0,13.0,3.52,,,2020-07-12,2020-07-18,2020-07-15 00:00:00,0.0,0.0,0.0108
2020,30,19/07 - 25/07,309.0,3,0.97,1.0,0.32,0.0,0.0,6.0,1.94,,,2020-07-19,2020-07-25,2020-07-22 00:00:00,0.0032,0.0,0.0097
2020,31,26/07 - 01/08,297.0,4,1.35,1.0,0.34,0.0,0.0,3.0,1.01,,,2020-07-26,2020-08-01,2020-07-29 00:00:00,0.0034000000000000002,0.0,0.013500000000000002
2020,32,02/08 - 08/08,259.0,3,1.16,0.0,0.0,0.0,0.0,4.0,1.54,,,2020-08-02,2020-08-08,2020-08-05 00:00:00,0.0,0.0,0.0116
2020,33,09/08 - 15/08,269.0,6,2.23,1.0,0.37,0.0,0.0,6.0,2.23,,,2020-08-09,2020-08-15,2020-08-12 00:00:00,0.0037,0.0,0.0223
2020,34,16/08 - 22/08,269.0,6,2.23,1.0,0.37,0.0,0.0,6.0,2.23,,,2020-08-16,2020-08-22,2020-08-19 00:00:00,0.0037,0.0,0.0223
2020,35,23/08 - 29/08,294.0,4,1.36,5.0,1.7,0.0,0.0,3.0,1.02,,,2020-08-23,2020-08-29,2020-08-26 00:00:00,0.017,0.0,0.013600000000000001
2020,36,30/08 - 05/09,258.0,4,1.55,1.0,0.39,0.0,0.0,8.0,3.1,,,2020-08-30,2020-09-05,2020-09-02 00:00:00,0.0039000000000000003,0.0,0.0155
2020,37,06/09 - 12/09,295.0,2,0.68,3.0,1.02,0.0,0.0,7.0,2.37,,,2020-09-06,2020-09-12,2020-09-09 00:00:00,0.0102,0.0,0.0068000000000000005
2020,38,13/09 - 19/09,327.0,4,1.22,6.0,1.83,0.0,0.0,15.0,4.59,,,2020-09-13,2020-09-19,2020-09-16 00:00:00,0.0183,0.0,0.012199999999999999
2020,39,20/09 - 26/09,351.0,8,2.28,6.0,1.71,0.0,0.0,18.0,5.13,,,2020-09-20,2020-09-26,2020-09-23 00:00:00,0.0171,0.0,0.022799999999999997
2020,40,27/09 - 03/10,340.0,5,1.47,4.0,1.18,1.0,0.29,8.0,2.35,,,2020-09-27,2020-10-03,2020-09-30 00:00:00,0.0118,0.0029,0.0147
2020,41,04/10 - 10/10,363.0,6,1.65,4.0,1.1,0.0,0.0,10.0,2.75,,,2020-10-04,2020-10-10,2020-10-07 00:00:00,0.011000000000000001,0.0,0.0165
2020,42,11/10 - 17/10,338.0,9,2.66,6.0,1.78,0.0,0.0,19.0,5.62,,,2020-10-11,2020-10-17,2020-10-14 00:00:00,0.0178,0.0,0.026600000000000002
2020,43,18/10 - 24/10,406.0,6,1.48,5.0,1.23,0.0,0.0,45.0,11.08,,,2020-10-18,2020-10-24,2020-10-21 00:00:00,0.0123,0.0,0.0148
2020,44,25/10 - 31/10,426.0,10,2.35,0.0,0.0,0.0,0.0,89.0,20.89,,,2020-10-25,2020-10-31,2020-10-28 00:00:00,0.0,0.0,0.0235
2020,45,01/11 - 07/11,469.0,10,2.13,2.0,0.43,0.0,0.0,147.0,31.34,,,2020-11-01,2020-11-07,2020-11-04 00:00:00,0.0043,0.0,0.0213
2020,46,08/11 - 14/11,548.0,8,1.46,1.0,0.18,0.0,0.0,258.0,47.08,,,2020-11-08,2020-11-14,2020-11-11 00:00:00,0.0018,0.0,0.0146
2020,47,15/11 - 21/11,523.0,3,0.57,2.0,0.38,0.0,0.0,260.0,49.71,,,2020-11-15,2020-11-21,2020-11-18 00:00:00,0.0038,0.0,0.005699999999999999
2020,48,22/11 - 28/11,481.0,8,1.66,0.0,0.0,0.0,0.0,178.0,37.01,,,2020-11-22,2020-11-28,2020-11-25 00:00:00,0.0,0.0,0.0166
2020,49,29/11 - 05/12,392.0,5,1.28,0.0,0.0,1.0,0.26,78.0,19.9,,,2020-11-29,2020-12-05,2020-12-02 00:00:00,0.0,0.0026,0.0128
2020,50,06/12 - 12/12,332.0,0,0.0,1.0,0.3,1.0,0.3,57.0,17.17,,,2020-12-06,2020-12-12,2020-12-09 00:00:00,0.003,0.003,0.0
2020,51,13/12 - 19/12,305.0,3,0.98,0.0,0.0,0.0,0.0,29.0,9.51,,,2020-12-13,2020-12-19,2020-12-16 00:00:00,0.0,0.0,0.0098
2020,52,20/12 - 26/12,336.0,6,1.79,0.0,0.0,0.0,0.0,13.0,3.87,,,2020-12-20,2020-12-26,2020-12-23 00:00:00,0.0,0.0,0.0179
2021,1,27/12/2020 - 02/01,368.0,11,2.99,1.0,0.27,0.0,0.0,26.0,7.07,,,2020-12-27,2021-01-02,2020-12-30 00:00:00,0.0027,0.0,0.029900000000000003
2021,2,03/01 - 09/01,313.0,8,2.56,1.0,0.32,0.0,0.0,10.0,3.19,,,2021-01-03,2021-01-09,2021-01-06 00:00:00,0.0032,0.0,0.0256
2021,3,10/01 - 16/01,347.0,5,1.44,0.0,0.0,0.0,0.0,12.0,3.46,,,2021-01-10,2021-01-16,2021-01-13 00:00:00,0.0,0.0,0.0144
2021,4,17/01 - 23/01,407.0,6,1.47,0.0,0.0,0.0,0.0,13.0,3.19,,,2021-01-17,2021-01-23,2021-01-20 00:00:00,0.0,0.0,0.0147
2021,5,24/01 - 30/01,424.0,10,2.36,0.0,0.0,2.0,0.47,15.0,3.54,,,2021-01-24,2021-01-30,2021-01-27 00:00:00,0.0,0.004699999999999999,0.0236
2021,6,31/01 - 06/02,349.0,7,2.01,0.0,0.0,2.0,0.57,11.0,3.15,,,2021-01-31,2021-02-06,2021-02-03 00:00:00,0.0,0.005699999999999999,0.020099999999999996
2021,7,07/02 - 13/02,380.0,10,2.63,1.0,0.26,3.0,0.79,17.0,4.47,,,2021-02-07,2021-02-13,2021-02-10 00:00:00,0.0026,0.0079,0.0263
2021,8,14/02 - 20/02,430.0,10,2.33,2.0,0.47,0.0,0.0,23.0,5.35,,,2021-02-14,2021-02-20,2021-02-17 00:00:00,0.004699999999999999,0.0,0.0233
2021,9,21/02 - 27/02,423.0,5,1.18,0.0,0.0,1.0,0.24,16.0,3.78,,,2021-02-21,2021-02-27,2021-02-24 00:00:00,0.0,0.0024,0.0118
2021,10,28/02 - 06/03,403.0,5,1.24,0.0,0.0,0.0,0.0,17.0,4.22,,,2021-02-28,2021-03-06,2021-03-03 00:00:00,0.0,0.0,0.0124
2021,11,07/03 - 13/03,429.0,7,1.63,1.0,0.23,0.0,0.0,27.0,6.29,,,2021-03-07,2021-03-13,2021-03-10 00:00:00,0.0023,0.0,0.0163
2021,12,14/03 - 20/03,435.0,8,1.84,0.0,0.0,0.0,0.0,44.0,10.11,,,2021-03-14,2021-03-20,2021-03-17 00:00:00,0.0,0.0,0.0184
2021,13,21/03 - 27/03,417.0,8,1.92,0.0,0.0,0.0,0.0,44.0,10.55,,,2021-03-21,2021-03-27,2021-03-24 00:00:00,0.0,0.0,0.0192
2021,14,28/03 - 03/04,506.0,9,1.78,0.0,0.0,0.0,0.0,75.0,14.82,,,2021-03-28,2021-04-03,2021-03-31 00:00:00,0.0,0.0,0.0178
2021,15,04/04 - 10/04,459.0,4,0.87,1.0,0.22,1.0,0.22,55.0,11.98,,,2021-04-04,2021-04-10,2021-04-07 00:00:00,0.0022,0.0022,0.0087
2021,16,11/04 - 17/04,489.0,11,2.25,0.0,0.0,3.0,0.61,50.0,10.22,,,2021-04-11,2021-04-17,2021-04-14 00:00:00,0.0,0.0060999999999999995,0.0225
2021,17,18/04 - 24/04,401.0,5,1.25,1.0,0.25,2.0,0.5,65.0,16.21,,,2021-04-18,2021-04-24,2021-04-21 00:00:00,0.0025,0.005,0.0125
2021,18,25/04 - 01/05,300.0,7,2.33,1.0,0.33,1.0,0.33,70.0,23.33,,,2021-04-25,2021-05-01,2021-04-28 00:00:00,0.0033,0.0033,0.0233
2021,19,02/05 - 08/05,279.0,2,0.72,0.0,0.0,0.0,0.0,70.0,25.09,,,2021-05-02,2021-05-08,2021-05-05 00:00:00,0.0,0.0,0.0072
2021,20,09/05 - 15/05,257.0,3,1.17,0.0,0.0,0.0,0.0,66.0,25.68,,,2021-05-09,2021-05-15,2021-05-12 00:00:00,0.0,0.0,0.011699999999999999
2021,21,16/05 - 22/05,174.0,4,2.3,0.0,0.0,0.0,0.0,52.0,29.89,,,2021-05-16,2021-05-22,2021-05-19 00:00:00,0.0,0.0,0.023
2021,22,23/05 - 29/05,154.0,1,0.65,1.0,0.65,0.0,0.0,34.0,22.08,,,2021-05-23,2021-05-29,2021-05-26 00:00:00,0.006500000000000001,0.0,0.006500000000000001
2021,23,30/05 - 05/06,152.0,4,2.63,0.0,0.0,1.0,0.66,31.0,20.39,,,2021-05-30,2021-06-05,2021-06-02 00:00:00,0.0,0.0066,0.0263
2021,24,06/06 - 12/06,135.0,2,1.48,1.0,0.74,0.0,0.0,24.0,17.78,,,2021-06-06,2021-06-12,2021-06-09 00:00:00,0.0074,0.0,0.0148
2021,25,13/06 - 19/06,131.0,3,2.29,2.0,1.53,0.0,0.0,39.0,29.77,,,2021-06-13,2021-06-19,2021-06-16 00:00:00,0.015300000000000001,0.0,0.0229
2021,26,20/06 - 26/06,142.0,3,2.11,1.0,0.7,0.0,0.0,31.0,21.83,,,2021-06-20,2021-06-26,2021-06-23 00:00:00,0.006999999999999999,0.0,0.021099999999999997
2021,27,27/06 - 03/07,146.0,7,4.79,0.0,0.0,0.0,0.0,28.0,19.18,,,2021-06-27,2021-07-03,2021-06-30 00:00:00,0.0,0.0,0.0479
2021,28,04/07 - 10/07,153.0,8,5.23,1.0,0.65,0.0,0.0,25.0,16.34,,,2021-07-04,2021-07-10,2021-07-07 00:00:00,0.006500000000000001,0.0,0.052300000000000006
2021,29,11/07 - 17/07,136.0,3,2.21,0.0,0.0,0.0,0.0,33.0,24.26,,,2021-07-11,2021-07-17,2021-07-14 00:00:00,0.0,0.0,0.022099999999999998
2021,30,18/07 - 24/07,155.0,2,1.29,1.0,0.65,0.0,0.0,24.0,15.48,,,2021-07-18,2021-07-24,2021-07-21 00:00:00,0.006500000000000001,0.0,0.0129
2021,31,25/07 - 31/07,160.0,4,2.5,1.0,0.62,0.0,0.0,27.0,16.88,,,2021-07-25,2021-07-31,2021-07-28 00:00:00,0.0062,0.0,0.025
2021,32,01/08 - 07/08,135.0,3,2.22,2.0,1.48,0.0,0.0,11.0,8.15,,,2021-08-01,2021-08-07,2021-08-04 00:00:00,0.0148,0.0,0.0222
2021,33,08/08 - 14/08,154.0,5,3.25,2.0,1.3,0.0,0.0,12.0,7.79,,,2021-08-08,2021-08-14,2021-08-11 00:00:00,0.013000000000000001,0.0,0.0325
2021,34,15/08 - 21/08,144.0,6,4.17,3.0,2.08,0.0,0.0,17.0,11.81,,,2021-08-15,2021-08-21,2021-08-18 00:00:00,0.0208,0.0,0.0417
2021,35,22/08 - 28/08,155.0,0,0.0,3.0,1.94,0.0,0.0,22.0,14.19,,,2021-08-22,2021-08-28,2021-08-25 00:00:00,0.0194,0.0,0.0
2021,36,29/08 - 04/09,150.0,8,5.33,6.0,4.0,0.0,0.0,26.0,17.33,,,2021-08-29,2021-09-04,2021-09-01 00:00:00,0.04,0.0,0.0533
2021,37,05/09 - 11/09,181.0,2,1.1,1.0,0.55,0.0,0.0,25.0,13.81,,,2021-09-05,2021-09-11,2021-09-08 00:00:00,0.0055000000000000005,0.0,0.011000000000000001
2021,38,12/09 - 18/09,203.0,4,1.97,2.0,0.99,0.0,0.0,39.0,19.21,,,2021-09-12,2021-09-18,2021-09-15 00:00:00,0.009899999999999999,0.0,0.0197
2021,39,19/09 - 25/09,214.0,2,0.93,2.0,0.93,0.0,0.0,66.0,30.84,,,2021-09-19,2021-09-25,2021-09-22 00:00:00,0.009300000000000001,0.0,0.009300000000000001
2021,40,26/09 - 02/10,250.0,3,1.2,9.0,3.6,0.0,0.0,89.0,35.6,,,2021-09-26,2021-10-02,2021-09-29 00:00:00,0.036000000000000004,0.0,0.012
2021,41,03/10 - 09/10,246.0,3,1.22,9.0,3.66,0.0,0.0,69.0,28.05,,,2021-10-03,2021-10-09,2021-10-06 00:00:00,0.0366,0.0,0.012199999999999999
2021,42,10/10 - 16/10,304.0,9,2.96,7.0,2.3,0.0,0.0,70.0,23.03,,,2021-10-10,2021-10-16,2021-10-13 00:00:00,0.023,0.0,0.0296
2021,43,17/10 - 23/10,308.0,10,3.25,13.0,4.22,1.0,0.32,56.0,18.18,,,2021-10-17,2021-10-23,2021-10-20 00:00:00,0.042199999999999994,0.0032,0.0325
2021,44,24/10 - 30/10,328.0,6,1.83,9.0,2.74,0.0,0.0,93.0,28.35,,,2021-10-24,2021-10-30,2021-10-27 00:00:00,0.0274,0.0,0.0183
2021,45,31/10 - 06/11,344.0,7,2.03,10.0,2.91,0.0,0.0,96.0,27.91,,,2021-10-31,2021-11-06,2021-11-03 00:00:00,0.0291,0.0,0.0203
2021,46,07/11 - 13/11,298.0,3,1.01,11.0,3.69,0.0,0.0,77.0,25.84,,,2021-11-07,2021-11-13,2021-11-10 00:00:00,0.0369,0.0,0.0101
2021,47,14/11 - 20/11,342.0,4,1.17,12.0,3.51,0.0,0.0,89.0,26.02,,,2021-11-14,2021-11-20,2021-11-17 00:00:00,0.0351,0.0,0.011699999999999999
2021,48,21/11 - 27/11,360.0,5,1.39,23.0,6.39,0.0,0.0,94.0,26.11,,,2021-11-21,2021-11-27,2021-11-24 00:00:00,0.0639,0.0,0.0139
2021,49,28/11 - 04/12,395.0,7,1.77,30.0,7.59,0.0,0.0,87.0,22.03,,,2021-11-28,2021-12-04,2021-12-01 00:00:00,0.0759,0.0,0.0177
2021,50,05/12 - 11/12,418.0,7,1.67,37.0,8.85,0.0,0.0,89.0,21.29,,,2021-12-05,2021-12-11,2021-12-08 00:00:00,0.0885,0.0,0.0167
2021,51,12/12 - 18/12,413.0,4,0.97,32.0,7.75,0.0,0.0,77.0,18.64,,,2021-12-12,2021-12-18,2021-12-15 00:00:00,0.0775,0.0,0.0097
2021,52,19/12 - 25/12,534.0,5,0.94,66.0,12.36,0.0,0.0,132.0,24.72,,,2021-12-19,2021-12-25,2021-12-22 00:00:00,0.12359999999999999,0.0,0.009399999999999999
2022,1,26/12/2021 - 01/01,462.0,7,1.52,50.0,10.82,0.0,0.0,87.0,18.83,,,2021-12-26,2022-01-01,2021-12-29 00:00:00,0.1082,0.0,0.0152
2022,2,02/01 - 08/01,585.0,12,2.05,34.0,5.81,0.0,0.0,81.0,13.85,,,2022-01-02,2022-01-08,2022-01-05 00:00:00,0.0581,0.0,0.020499999999999997
2022,3,09/01 - 15/01,563.0,6,1.07,41.0,7.28,0.0,0.0,101.0,17.94,,,2022-01-09,2022-01-15,2022-01-12 00:00:00,0.0728,0.0,0.010700000000000001
2022,4,16/01 - 22/01,443.0,11,2.48,35.0,7.9,0.0,0.0,64.0,14.45,,,2022-01-16,2022-01-22,2022-01-19 00:00:00,0.079,0.0,0.0248
2022,5,23/01 - 29/01,450.0,18,4.0,22.0,4.89,1.0,0.22,38.0,8.44,,,2022-01-23,2022-01-29,2022-01-26 00:00:00,0.0489,0.0022,0.04
2022,6,30/01 - 05/02,430.0,10,2.33,16.0,3.72,0.0,0.0,23.0,5.35,,,2022-01-30,2022-02-05,2022-02-02 00:00:00,0.037200000000000004,0.0,0.0233
2022,7,06/02 - 12/02,488.0,6,1.23,12.0,2.46,0.0,0.0,18.0,3.69,,,2022-02-06,2022-02-12,2022-02-09 00:00:00,0.0246,0.0,0.0123
2022,8,13/02 - 19/02,786.0,7,0.89,3.0,0.38,0.0,0.0,13.0,1.65,,,2022-02-13,2022-02-19,2022-02-16 00:00:00,0.0038,0.0,0.0089
2022,9,20/02 - 26/02,881.0,1,0.11,1.0,0.11,0.0,0.0,10.0,1.14,,,2022-02-20,2022-02-26,2022-02-23 00:00:00,0.0011,0.0,0.0011
2022,10,27/02 - 05/03,777.0,6,0.77,2.0,0.26,0.0,0.0,9.0,1.16,,,2022-02-27,2022-03-05,2022-03-02 00:00:00,0.0026,0.0,0.0077
2022,11,06/03 - 12/03,594.0,3,0.51,0.0,0.0,0.0,0.0,7.0,1.18,,,2022-03-06,2022-03-12,2022-03-09 00:00:00,0.0,0.0,0.0051
2022,12,13/03 - 19/03,403.0,6,1.49,0.0,0.0,0.0,0.0,7.0,1.74,,,2022-03-13,2022-03-19,2022-03-16 00:00:00,0.0,0.0,0.0149
2022,13,20/03 - 26/03,290.0,3,1.03,0.0,0.0,0.0,0.0,1.0,0.34,,,2022-03-20,2022-03-26,2022-03-23 00:00:00,0.0,0.0,0.0103
2022,14,27/03 - 02/04,297.0,3,1.01,0.0,0.0,0.0,0.0,0.0,0.0,,,2022-03-27,2022-04-02,2022-03-30 00:00:00,0.0,0.0,0.0101
2022,15,03/04 - 09/04,246.0,6,2.44,0.0,0.0,0.0,0.0,1.0,0.41,,,2022-04-03,2022-04-09,2022-04-06 00:00:00,0.0,0.0,0.024399999999999998
2022,16,10/04 - 16/04,280.0,9,3.21,0.0,0.0,0.0,0.0,0.0,0.0,,,2022-04-10,2022-04-16,2022-04-13 00:00:00,0.0,0.0,0.0321
2022,17,17/04 - 23/04,279.0,7,2.51,1.0,0.36,0.0,0.0,0.0,0.0,,,2022-04-17,2022-04-23,2022-04-20 00:00:00,0.0036,0.0,0.025099999999999997
2022,18,24/04 - 30/04,363.0,11,3.03,0.0,0.0,0.0,0.0,0.0,0.0,,,2022-04-24,2022-04-30,2022-04-27 00:00:00,0.0,0.0,0.030299999999999997
2022,19,01/05 - 07/05,391.0,14,3.58,0.0,0.0,0.0,0.0,2.0,0.51,,,2022-05-01,2022-05-07,2022-05-04 00:00:00,0.0,0.0,0.0358
2022,20,08/05 - 14/05,392.0,9,2.3,1.0,0.26,1.0,0.26,0.0,0.0,,,2022-05-08,2022-05-14,2022-05-11 00:00:00,0.0026,0.0026,0.023
2022,21,15/05 - 21/05,412.0,9,2.18,2.0,0.49,0.0,0.0,3.0,0.73,,,2022-05-15,2022-05-21,2022-05-18 00:00:00,0.0049,0.0,0.0218
2022,22,22/05 - 28/05,396.0,3,0.76,0.0,0.0,2.0,0.51,2.0,0.51,,,2022-05-22,2022-05-28,2022-05-25 00:00:00,0.0,0.0051,0.0076
2022,23,29/05 - 04/06,423.0,2,0.47,2.0,0.47,0.0,0.0,18.0,4.26,,,2022-05-29,2022-06-04,2022-06-01 00:00:00,0.004699999999999999,0.0,0.004699999999999999
2022,24,05/06 - 11/06,641.0,5,0.78,0.0,0.0,0.0,0.0,63.0,9.83,,,2022-06-05,2022-06-11,2022-06-08 00:00:00,0.0,0.0,0.0078000000000000005
2022,25,12/06 - 18/06,623.0,4,0.64,2.0,0.32,0.0,0.0,132.0,21.19,,,2022-06-12,2022-06-18,2022-06-15 00:00:00,0.0032,0.0,0.0064
2022,26,19/06 - 25/06,763.0,5,0.66,0.0,0.0,2.0,0.26,210.0,27.52,,,2022-06-19,2022-06-25,2022-06-22 00:00:00,0.0,0.0026,0.0066
2022,27,26/06 - 02/07,617.0,9,1.46,0.0,0.0,1.0,0.16,194.0,31.44,,,2022-06-26,2022-07-02,2022-06-29 00:00:00,0.0,0.0016,0.0146
2022,28,03/07 - 09/07,829.0,12,1.45,3.0,0.36,1.0,0.12,166.0,20.02,,,2022-07-03,2022-07-09,2022-07-06 00:00:00,0.0036,0.0012,0.014499999999999999
2022,29,10/07 - 16/07,654.0,2,0.31,0.0,0.0,0.0,0.0,82.0,12.54,,,2022-07-10,2022-07-16,2022-07-13 00:00:00,0.0,0.0,0.0031
2022,30,17/07 - 23/07,516.0,1,0.19,0.0,0.0,1.0,0.19,44.0,8.53,,,2022-07-17,2022-07-23,2022-07-20 00:00:00,0.0,0.0019,0.0019
2022,31,24/07 - 30/07,537.0,4,0.74,1.0,0.19,1.0,0.19,51.0,9.5,,,2022-07-24,2022-07-30,2022-07-27 00:00:00,0.0019,0.0019,0.0074
2022,32,31/07 - 06/08,544.0,4,0.74,0.0,0.0,0.0,0.0,40.0,7.35,,,2022-07-31,2022-08-06,2022-08-03 00:00:00,0.0,0.0,0.0074
2022,33,07/08 - 13/08,569.0,3,0.53,0.0,0.0,0.0,0.0,41.0,7.21,,,2022-08-07,2022-08-13,2022-08-10 00:00:00,0.0,0.0,0.0053
2022,34,14/08 - 20/08,634.0,1,0.16,2.0,0.32,1.0,0.16,31.0,4.89,,,2022-08-14,2022-08-20,2022-08-17 00:00:00,0.0032,0.0016,0.0016
2022,35,21/08 - 27/08,658.0,5,0.76,1.0,0.15,0.0,0.0,42.0,6.38,,,2022-08-21,2022-08-27,2022-08-24 00:00:00,0.0015,0.0,0.0076
2022,36,28/08 - 03/09,707.0,4,0.57,1.0,0.14,2.0,0.28,51.0,7.21,,,2022-08-28,2022-09-03,2022-08-31 00:00:00,0.0014000000000000002,0.0028000000000000004,0.005699999999999999
2022,37,04/09 - 10/09,625.0,3,0.48,0.0,0.0,1.0,0.16,24.0,3.84,,,2022-09-04,2022-09-10,2022-09-07 00:00:00,0.0,0.0016,0.0048
2022,38,11/09 - 17/09,552.0,4,0.72,0.0,0.0,3.0,0.54,41.0,7.43,,,2022-09-11,2022-09-17,2022-09-14 00:00:00,0.0,0.0054,0.0072
2022,39,18/09 - 24/09,588.0,8,1.36,2.0,0.34,1.0,0.17,56.0,9.52,,,2022-09-18,2022-09-24,2022-09-21 00:00:00,0.0034000000000000002,0.0017000000000000001,0.013600000000000001
2022,40,25/09 - 01/10,448.0,3,0.67,2.0,0.45,2.0,0.45,57.0,12.72,,,2022-09-25,2022-10-01,2022-09-28 00:00:00,0.0045000000000000005,0.0045000000000000005,0.0067
2022,41,02/10 - 08/10,577.0,4,0.69,2.0,0.35,3.0,0.52,110.0,19.06,,,2022-10-02,2022-10-08,2022-10-05 00:00:00,0.0034999999999999996,0.0052,0.0069
2022,42,09/10 - 15/10,694.0,6,0.86,2.0,0.29,5.0,0.72,112.0,16.14,,,2022-10-09,2022-10-15,2022-10-12 00:00:00,0.0029,0.0072,0.0086
2022,43,16/10 - 22/10,617.0,7,1.13,3.0,0.49,1.0,0.16,109.0,17.67,,,2022-10-16,2022-10-22,2022-10-19 00:00:00,0.0049,0.0016,0.0113
2022,44,23/10 - 29/10,626.0,11,1.76,3.0,0.48,1.0,0.16,94.0,15.02,,,2022-10-23,2022-10-29,2022-10-26 00:00:00,0.0048,0.0016,0.0176
2022,45,30/10 - 05/11,564.0,10,1.77,7.0,1.24,0.0,0.0,106.0,18.79,,,2022-10-30,2022-11-05,2022-11-02 00:00:00,0.0124,0.0,0.0177
2022,46,06/11 - 12/11,587.0,1,0.17,10.0,1.7,3.0,0.51,75.0,12.78,,,2022-11-06,2022-11-12,2022-11-09 00:00:00,0.017,0.0051,0.0017000000000000001
2022,47,13/11 - 19/11,664.0,8,1.2,19.0,2.86,9.0,1.36,80.0,12.05,,,2022-11-13,2022-11-19,2022-11-16 00:00:00,0.0286,0.013600000000000001,0.012
2022,48,20/11 - 26/11,657.0,4,0.61,27.0,4.11,7.0,1.07,77.0,11.72,,,2022-11-20,2022-11-26,2022-11-23 00:00:00,0.041100000000000005,0.010700000000000001,0.0060999999999999995
2022,49,27/11 - 03/12,667.0,6,0.9,33.0,4.95,9.0,1.35,69.0,10.34,,,2022-11-27,2022-12-03,2022-11-30 00:00:00,0.0495,0.013500000000000002,0.009000000000000001
2022,50,04/12 - 10/12,694.0,6,0.86,46.0,6.63,8.0,1.15,73.0,10.52,,,2022-12-04,2022-12-10,2022-12-07 00:00:00,0.0663,0.0115,0.0086
2022,51,11/12 - 17/12,656.0,10,1.52,66.0,10.06,9.0,1.37,80.0,12.2,,,2022-12-11,2022-12-17,2022-12-14 00:00:00,0.10060000000000001,0.0137,0.0152
2022,52,18/12 - 24/12,774.0,3,0.39,61.0,7.88,5.0,0.65,49.0,6.33,,,2022-12-18,2022-12-24,2022-12-21 00:00:00,0.0788,0.006500000000000001,0.0039000000000000003
2022,53,25/12 - 31/12,1460.0,2,0.14,28.0,1.92,2.0,0.14,21.0,1.44,,,2022-12-25,2022-12-31,2022-12-28 00:00:00,0.0192,0.0014000000000000002,0.0014000000000000002
2023,1,01/01 - 07/01,1724.0,1,0.06,27.0,1.57,6.0,0.35,15.0,15.0,17.0,0.99,2023-01-01,2023-01-07,2023-01-04 00:00:00,0.015700000000000002,0.0034999999999999996,0.0006
2023,2,08/01 - 14/01,3143.0,5,0.16,45.0,1.43,5.0,0.16,21.0,21.0,23.0,0.73,2023-01-08,2023-01-14,2023-01-11 00:00:00,0.0143,0.0016,0.0016
2023,3,15/01 - 21/01,2455.0,6,0.24,58.0,2.36,4.0,0.16,11.0,11.0,11.0,0.45,2023-01-15,2023-01-21,2023-01-18 00:00:00,0.0236,0.0016,0.0024
2023,4,22/01 - 28/01,1465.0,0,0.0,52.0,3.55,2.0,0.14,16.0,16.0,16.0,1.09,2023-01-22,2023-01-28,2023-01-25 00:00:00,0.0355,0.0014000000000000002,0.0
2023,5,29/01 - 04/02,1814.0,1,0.06,70.0,3.86,6.0,0.33,20.0,17.0,20.0,1.1,2023-01-29,2023-02-04,2023-02-01 00:00:00,0.038599999999999995,0.0033,0.0006
2023,6,05/02 - 11/02,1859.0,3,0.16,61.0,3.28,10.0,0.54,15.0,15.0,15.0,0.81,2023-02-05,2023-02-11,2023-02-08 00:00:00,0.032799999999999996,0.0054,0.0016
2023,7,12/02 - 18/02,1725.0,3,0.17,82.0,4.75,9.0,0.52,28.0,27.0,28.0,1.62,2023-02-12,2023-02-18,2023-02-15 00:00:00,0.0475,0.0052,0.0017000000000000001
2023,8,19/02 - 25/02,1651.0,3,0.18,69.0,4.18,7.0,0.42,23.0,22.0,24.0,1.45,2023-02-19,2023-02-25,2023-02-22 00:00:00,0.0418,0.0042,0.0018
2023,9,26/02 - 04/03,1442.0,2,0.14,44.0,3.05,6.0,0.42,40.0,40.0,40.0,2.77,2023-02-26,2023-03-04,2023-03-01 00:00:00,0.0305,0.0042,0.0014000000000000002
2023,10,05/03 - 11/03,1512.0,2,0.13,37.0,2.45,3.0,0.2,42.0,41.0,54.0,3.57,2023-03-05,2023-03-11,2023-03-08 00:00:00,0.0245,0.002,0.0013
2023,11,12/03 - 18/03,1705.0,1,0.06,32.0,1.88,7.0,0.41,61.0,59.0,90.0,5.28,2023-03-12,2023-03-18,2023-03-15 00:00:00,0.018799999999999997,0.0040999999999999995,0.0006
2023,12,19/03 - 25/03,2102.0,4,0.19,55.0,2.62,14.0,0.67,86.0,84.0,117.0,5.57,2023-03-19,2023-03-25,2023-03-22 00:00:00,0.0262,0.0067,0.0019
2023,13,26/03 - 01/04,2412.0,8,0.33,57.0,2.36,10.0,0.41,107.0,106.0,151.0,6.26,2023-03-26,2023-04-01,2023-03-29 00:00:00,0.0236,0.0040999999999999995,0.0033
2023,14,02/04 - 08/04,2886.0,5,0.17,81.0,2.81,13.0,0.45,67.0,66.0,168.0,5.82,2023-04-02,2023-04-08,2023-04-05 00:00:00,0.0281,0.0045000000000000005,0.0017000000000000001
2023,15,09/04 - 15/04,5426.0,23,0.42,169.0,3.11,24.0,0.44,75.0,74.0,288.0,5.31,2023-04-09,2023-04-15,2023-04-12 00:00:00,0.0311,0.0044,0.0042
2023,16,16/04 - 22/04,6784.0,27,0.4,163.0,2.4,38.0,0.56,88.0,86.0,257.0,3.79,2023-04-16,2023-04-22,2023-04-19 00:00:00,0.024,0.005600000000000001,0.004
2023,17,23/04 - 29/04,7598.0,29,0.18,172.0,2.26,51.0,0.67,84.0,82.0,277.0,3.65,2023-04-23,2023-04-29,2023-04-26 00:00:00,0.0226,0.0067,0.0018
2023,18,30/04 - 06/05,7832.0,30,0.38,152.0,1.94,40.0,0.51,77.0,73.0,301.0,3.84,2023-04-30,2023-05-06,2023-05-03 00:00:00,0.0194,0.0051,0.0038
2023,19,07/05 - 13/05,8464.0,29,0.34,182.0,2.15,38.0,0.45,94.0,91.0,228.0,2.69,2023-05-07,2023-05-13,2023-05-10 00:00:00,0.0215,0.0045000000000000005,0.0034000000000000002
2023,20,14/05 - 20/05,8440.0,37,0.44,160.0,1.9,50.0,0.59,95.0,91.0,221.0,2.62,2023-05-14,2023-05-20,2023-05-17 00:00:00,0.019,0.0059,0.0044
2023,21,21/05 - 27/05,8268.0,35,0.42,177.0,2.14,70.0,0.85,86.0,81.0,309.0,3.74,2023-05-21,2023-05-27,2023-05-24 00:00:00,0.021400000000000002,0.0085,0.0042
2023,22,28/05 - 03/06,7245.0,44,0.61,213.0,2.94,71.0,0.98,107.0,100.0,272.0,3.75,2023-05-28,2023-06-03,2023-05-31 00:00:00,0.0294,0.0098,0.0060999999999999995
2023,23,04/06 - 10/06,4949.0,32,0.65,150.0,3.03,78.0,1.58,71.0,58.0,148.0,2.99,2023-06-04,2023-06-10,2023-06-07 00:00:00,0.030299999999999997,0.0158,0.006500000000000001
2023,24,11/06 - 17/06,5304.0,29,0.55,167.0,3.15,101.0,1.9,67.0,44.0,206.0,3.88,2023-06-11,2023-06-17,2023-06-14 00:00:00,0.0315,0.019,0.0055000000000000005
2023,25,18/06 - 24/06,4700.0,41,0.87,203.0,4.32,151.0,3.21,86.0,44.0,239.0,5.09,2023-06-18,2023-06-24,2023-06-21 00:00:00,0.0432,0.0321,0.0087
2023,26,25/06 - 01/07,5103.0,60,1.18,291.0,5.7,191.0,3.74,103.0,46.0,338.0,6.62,2023-06-25,2023-07-01,2023-06-28 00:00:00,0.057,0.0374,0.0118
2023,27,02/07 - 08/07,4697.0,42,0.89,287.0,6.11,180.0,3.83,92.0,47.0,270.0,5.75,2023-07-02,2023-07-08,2023-07-05 00:00:00,0.0611,0.0383,0.0089
2023,28,09/07 - 15/07,4620.0,46,1.0,272.0,5.89,190.0,4.11,80.0,37.0,245.0,5.3,2023-07-09,2023-07-15,2023-07-12 00:00:00,0.058899999999999994,0.041100000000000005,0.01
2023,29,16/07 - 22/07,5085.0,60,1.18,314.0,6.18,226.0,4.44,100.0,49.0,204.0,4.01,2023-07-16,2023-07-22,2023-07-19 00:00:00,0.061799999999999994,0.0444,0.0118
2023,30,23/07 - 29/07,5211.0,49,0.94,371.0,7.12,180.0,3.45,77.0,36.0,141.0,2.71,2023-07-23,2023-07-29,2023-07-26 00:00:00,0.0712,0.0345,0.009399999999999999
2023,31,30/07 - 05/08,5050.0,42,0.83,386.0,7.64,182.0,3.6,92.0,48.0,132.0,2.61,2023-07-30,2023-08-05,2023-08-02 00:00:00,0.0764,0.036000000000000004,0.0083
2023,32,06/08 - 12/08,5135.0,32,0.62,416.0,8.1,153.0,2.98,80.0,42.0,103.0,2.01,2023-08-06,2023-08-12,2023-08-09 00:00:00,0.081,0.0298,0.0062
2023,33,13/08 - 19/08,5385.0,40,0.74,407.0,7.56,123.0,2.28,95.0,56.0,114.0,2.12,2023-08-13,2023-08-19,2023-08-16 00:00:00,0.0756,0.022799999999999997,0.0074
2023,34,20/08 - 26/08,5461.0,19,0.35,439.0,8.04,101.0,1.85,99.0,75.0,135.0,2.47,2023-08-20,2023-08-26,2023-08-23 00:00:00,0.08039999999999999,0.018500000000000003,0.0034999999999999996
2023,35,27/08 - 02/09,4378.0,25,0.57,365.0,8.34,76.0,1.74,76.0,54.0,132.0,3.02,2023-08-27,2023-09-02,2023-08-30 00:00:00,0.0834,0.0174,0.005699999999999999
2023,36,03/09 - 09/09,6732.0,40,0.59,490.0,7.28,132.0,1.96,56.0,45.0,167.0,2.48,2023-09-03,2023-09-09,2023-09-06 00:00:00,0.0728,0.0196,0.0059
2023,37,10/09 - 16/09,6399.0,19,0.3,425.0,6.64,104.0,1.63,97.0,77.0,154.0,2.41,2023-09-10,2023-09-16,2023-09-13 00:00:00,0.0664,0.0163,0.003
2023,38,17/09 - 23/09,6569.0,35,0.53,417.0,6.35,83.0,1.26,92.0,71.0,314.0,4.78,2023-09-17,2023-09-23,2023-09-20 00:00:00,0.0635,0.0126,0.0053
2023,39,24/09 - 30/09,6329.0,32,0.51,371.0,5.86,100.0,1.58,84.0,69.0,281.0,4.44,2023-09-24,2023-09-30,2023-09-27 00:00:00,0.058600000000000006,0.0158,0.0051
2023,40,01/10 - 07/10,7204.0,23,0.32,274.0,3.8,96.0,1.33,101.0,84.0,272.0,3.78,2023-10-01,2023-10-07,2023-10-04 00:00:00,0.038,0.013300000000000001,0.0032
2023,41,08/10 - 14/10,5804.0,11,0.19,152.0,2.62,59.0,1.02,84.0,65.0,173.0,2.98,2023-10-08,2023-10-14,2023-10-11 00:00:00,0.0262,0.0102,0.0019
2023,42,15/10 - 21/10,5909.0,17,0.29,123.0,2.08,67.0,1.13,88.0,68.0,176.0,2.98,2023-10-15,2023-10-21,2023-10-18 00:00:00,0.0208,0.0113,0.0029
2023,43,22/10 - 28/10,5549.0,23,0.41,90.0,1.62,59.0,1.06,84.0,65.0,189.0,3.41,2023-10-22,2023-10-28,2023-10-25 00:00:00,0.016200000000000003,0.0106,0.0040999999999999995
2023,44,29/10 - 04/11,6306.0,83,1.32,81.0,1.28,88.0,1.4,99.0,85.0,335.0,5.31,2023-10-29,2023-11-04,2023-11-01 00:00:00,0.0128,0.013999999999999999,0.0132
2023,45,05/11 - 11/11,6188.0,99,1.6,45.0,0.73,84.0,1.36,83.0,56.0,332.0,5.37,2023-11-05,2023-11-11,2023-11-08 00:00:00,0.0073,0.013600000000000001,0.016
2023,46,12/11 - 18/11,5494.0,65,1.18,37.0,0.67,87.0,1.58,90.0,73.0,245.0,4.46,2023-11-12,2023-11-18,2023-11-15 00:00:00,0.0067,0.0158,0.0118
2023,47,19/11 - 25/11,6027.0,78,1.29,30.0,0.5,88.0,1.46,90.0,80.0,265.0,4.4,2023-11-19,2023-11-25,2023-11-22 00:00:00,0.005,0.0146,0.0129
2023,48,26/11 - 02/12,5929.0,70,1.18,26.0,0.44,78.0,1.32,99.0,91.0,246.0,4.15,2023-11-26,2023-12-02,2023-11-29 00:00:00,0.0044,0.0132,0.0118
2023,49,03/12 - 09/12,5828.0,70,1.2,16.0,0.27,66.0,1.13,95.0,85.0,236.0,4.05,2023-12-03,2023-12-09,2023-12-06 00:00:00,0.0027,0.0113,0.012
2023,50,10/12 - 16/12,5882.0,37,0.63,9.0,0.15,87.0,1.48,88.0,85.0,172.0,2.92,2023-12-10,2023-12-16,2023-12-13 00:00:00,0.0015,0.0148,0.0063
2023,51,17/12 - 23/12,5442.0,17,0.31,8.0,0.15,45.0,0.83,89.0,86.0,141.0,2.59,2023-12-17,2023-12-23,2023-12-20 00:00:00,0.0015,0.0083,0.0031
2023,52,24/12 - 30/12,6642.0,21,0.32,7.0,0.11,70.0,1.05,85.0,85.0,194.0,2.92,2023-12-24,2023-12-30,2023-12-27 00:00:00,0.0011,0.0105,0.0032
2024,1,31/12/2023 - 06/01,7106.0,34,0.48,24.0,0.34,77.0,1.08,92.0,90.0,212.0,2.98,2023-12-31,2024-01-06,2024-01-03 00:00:00,0.0034000000000000002,0.0108,0.0048
2024,2,07/01 - 13/01,7401.0,25,0.34,21.0,0.28,109.0,1.47,51.0,50.0,204.0,2.76,2024-01-07,2024-01-13,2024-01-10 00:00:00,0.0028000000000000004,0.0147,0.0034000000000000002
2024,3,14/01 - 20/01,6736.0,33,0.49,11.0,0.16,92.0,1.37,41.0,40.0,172.0,2.55,2024-01-14,2024-01-20,2024-01-17 00:00:00,0.0016,0.0137,0.0049
2024,4,21/01 - 27/01,6584.0,29,0.44,14.0,0.21,83.0,1.26,41.0,41.0,171.0,2.6,2024-01-21,2024-01-27,2024-01-24 00:00:00,0.0021,0.0126,0.0044
2024,5,28/01 - 03/02,7127.0,19,0.27,16.0,0.22,97.0,1.36,49.0,49.0,212.0,2.97,2024-01-28,2024-02-03,2024-01-31 00:00:00,0.0022,0.013600000000000001,0.0027
2024,6,04/02 - 10/02,6478.0,18,0.28,20.0,0.31,106.0,1.64,44.0,43.0,190.0,2.93,2024-02-04,2024-02-10,2024-02-07 00:00:00,0.0031,0.016399999999999998,0.0028000000000000004
2024,7,11/02 - 17/02,7960.0,16,0.2,28.0,0.35,161.0,2.02,43.0,43.0,228.0,2.86,2024-02-11,2024-02-17,2024-02-14 00:00:00,0.0034999999999999996,0.0202,0.002
2024,8,18/02 - 24/02,8766.0,23,0.26,40.0,0.46,212.0,2.42,49.0,49.0,242.0,2.76,2024-02-18,2024-02-24,2024-02-21 00:00:00,0.0046,0.0242,0.0026
2024,9,25/02 - 02/03,7842.0,26,0.33,37.0,0.47,226.0,2.88,48.0,48.0,216.0,2.75,2024-02-25,2024-03-02,2024-02-28 00:00:00,0.004699999999999999,0.0288,0.0033
2024,10,03/03 - 09/03,8436.0,28,0.33,49.0,0.58,227.0,2.69,45.0,44.0,205.0,2.43,2024-03-03,2024-03-09,2024-03-06 00:00:00,0.0058,0.0269,0.0033
2024,11,10/03 - 16/03,8416.0,21,0.25,63.0,0.75,252.0,2.99,38.0,38.0,199.0,2.36,2024-03-10,2024-03-16,2024-03-13 00:00:00,0.0075,0.029900000000000003,0.0025
2024,12,17/03 - 23/03,8834.0,22,0.25,70.0,0.79,287.0,3.25,41.0,40.0,262.0,2.97,2024-03-17,2024-03-23,2024-03-20 00:00:00,0.0079,0.0325,0.0025
2024,13,24/03 - 30/03,7999.0,25,0.31,77.0,0.96,259.0,3.24,44.0,44.0,217.0,2.71,2024-03-24,2024-03-30,2024-03-27 00:00:00,0.0096,0.032400000000000005,0.0031
2024,14,31/03 - 06/04,7983.0,19,0.24,57.0,0.71,210.0,2.63,38.0,37.0,179.0,2.24,2024-03-31,2024-04-06,2024-04-03 00:00:00,0.0070999999999999995,0.0263,0.0024
2024,15,07/04 - 13/04,7652.0,20,0.26,67.0,0.88,237.0,3.1,40.0,39.0,142.0,1.86,2024-04-07,2024-04-13,2024-04-10 00:00:00,0.0088,0.031,0.0026
2024,16,14/04 - 20/04,8096.0,18,0.22,74.0,0.91,237.0,2.93,39.0,38.0,132.0,1.63,2024-04-14,2024-04-20,2024-04-17 00:00:00,0.0091,0.029300000000000003,0.0022
2024,17,21/04 - 27/04,8657.0,37,0.43,112.0,1.29,244.0,2.82,43.0,39.0,188.0,2.17,2024-04-21,2024-04-27,2024-04-24 00:00:00,0.0129,0.0282,0.0043
2024,18,28/04 - 04/05,9217.0,50,0.54,127.0,1.38,234.0,2.54,40.0,35.0,267.0,2.9,2024-04-28,2024-05-04,2024-05-01 00:00:00,0.0138,0.0254,0.0054
2024,19,05/05 - 11/05,8935.0,28,0.31,124.0,1.39,202.0,2.26,38.0,33.0,213.0,2.38,2024-05-05,2024-05-11,2024-05-08 00:00:00,0.0139,0.0226,0.0031
2024,20,12/05 - 18/05,8667.0,16,0.18,91.0,1.05,136.0,1.57,39.0,36.0,182.0,2.1,2024-05-12,2024-05-18,2024-05-15 00:00:00,0.0105,0.015700000000000002,0.0018
2024,21,19/05 - 25/05,8277.0,13,0.16,81.0,0.98,132.0,1.59,40.0,38.0,183.0,2.21,2024-05-19,2024-05-25,2024-05-22 00:00:00,0.0098,0.0159,0.0016
2024,22,26/05 - 01/06,8063.0,20,0.25,87.0,1.08,102.0,1.27,50.0,42.0,189.0,2.34,2024-05-26,2024-06-01,2024-05-29 00:00:00,0.0108,0.0127,0.0025
2024,23,02/06 - 08/06,7278.0,21,0.29,75.0,1.03,97.0,1.33,29.0,23.0,125.0,1.72,2024-06-02,2024-06-08,2024-06-05 00:00:00,0.0103,0.013300000000000001,0.0029
2024,24,09/06 - 15/06,7323.0,18,0.25,61.0,0.83,121.0,1.65,43.0,35.0,156.0,2.13,2024-06-09,2024-06-15,2024-06-12 00:00:00,0.0083,0.0165,0.0025
2024,25,16/06 - 22/06,7747.0,33,0.43,99.0,1.28,96.0,1.24,43.0,22.0,240.0,3.1,2024-06-16,2024-06-22,2024-06-19 00:00:00,0.0128,0.0124,0.0043
2024,26,23/06 - 29/06,8400.0,53,0.63,125.0,1.49,96.0,1.14,40.0,15.0,302.0,3.6,2024-06-23,2024-06-29,2024-06-26 00:00:00,0.0149,0.011399999999999999,0.0063
2024,27,30/06 - 06/07,7734.0,56,0.72,118.0,1.53,88.0,1.14,43.0,12.0,272.0,3.52,2024-06-30,2024-07-06,2024-07-03 00:00:00,0.015300000000000001,0.011399999999999999,0.0072
2024,28,07/07 - 13/07,7929.0,47,0.59,121.0,1.53,66.0,0.83,42.0,18.0,238.0,3.0,2024-07-07,2024-07-13,2024-07-10 00:00:00,0.015300000000000001,0.0083,0.0059
2024,29,14/07 - 20/07,7508.0,34,0.45,127.0,1.69,49.0,0.65,44.0,12.0,196.0,2.61,2024-07-14,2024-07-20,2024-07-17 00:00:00,0.0169,0.006500000000000001,0.0045000000000000005
2024,30,21/07 - 27/07,8128.0,23,0.28,175.0,2.15,56.0,0.69,44.0,15.0,175.0,2.15,2024-07-21,2024-07-27,2024-07-24 00:00:00,0.0215,0.0069,0.0028000000000000004
2024,31,28/07 - 03/08,7711.0,26,0.34,145.0,1.88,70.0,0.91,38.0,14.0,149.0,1.93,2024-07-28,2024-08-03,2024-07-31 00:00:00,0.018799999999999997,0.0091,0.0034000000000000002
2024,32,04/08 - 10/08,8051.0,21,0.26,161.0,2.0,59.0,0.73,40.0,14.0,172.0,2.14,2024-08-04,2024-08-10,2024-08-07 00:00:00,0.02,0.0073,0.0026
2024,33,11/08 - 17/08,7303.0,10,0.14,157.0,2.15,42.0,0.58,42.0,13.0,141.0,1.93,2024-08-11,2024-08-17,2024-08-14 00:00:00,0.0215,0.0058,0.0014000000000000002
2024,34,18/08 - 24/08,7208.0,13,0.18,161.0,2.23,48.0,0.67,39.0,14.0,139.0,1.93,2024-08-18,2024-08-24,2024-08-21 00:00:00,0.0223,0.0067,0.0018
2024,35,25/08 - 31/08,7458.0,21,0.28,173.0,2.32,41.0,0.55,40.0,12.0,,2.06,2024-08-25,2024-08-31,2024-08-28 00:00:00,0.0232,0.0055000000000000005,0.0028000000000000004
2024,36,01/09 - 07/09,7061.0,9,0.13,141.0,2.0,29.0,0.41,42.0,18.0,173.0,2.45,2024-09-01,2024-09-07,2024-09-04 00:00:00,0.02,0.0040999999999999995,0.0013
2024,37,08/09 - 14/09,6882.0,11,0.16,143.0,2.08,45.0,0.65,44.0,22.0,189.0,2.75,2024-09-08,2024-09-14,2024-09-11 00:00:00,0.0208,0.006500000000000001,0.0016
2024,38,15/09 - 21/09,6890.0,14,0.2,83.0,1.2,32.0,0.46,43.0,29.0,236.0,3.43,2024-09-15,2024-09-21,2024-09-18 00:00:00,0.012,0.0046,0.002
2024,39,22/09 - 28/09,6992.0,11,0.16,74.0,1.06,34.0,0.49,39.0,25.0,264.0,3.78,2024-09-22,2024-09-28,2024-09-25 00:00:00,0.0106,0.0049,0.0016
2024,40,29/09 - 05/10,6707.0,12,0.18,115.0,1.71,38.0,0.57,46.0,31.0,285.0,4.25,2024-09-29,2024-10-05,2024-10-02 00:00:00,0.0171,0.005699999999999999,0.0018
2024,41,06/10 - 12/10,6448.0,14,0.22,69.0,1.07,18.0,0.28,40.0,26.0,274.0,4.25,2024-10-06,2024-10-12,2024-10-09 00:00:00,0.010700000000000001,0.0028000000000000004,0.0022
2024,42,13/10 - 19/10,6836.0,16,0.23,53.0,0.78,11.0,0.16,47.0,39.0,252.0,3.69,2024-10-13,2024-10-19,2024-10-16 00:00:00,0.0078000000000000005,0.0016,0.0023
2024,43,20/10 - 26/10,6430.0,12,0.19,42.0,0.65,17.0,0.26,46.0,33.0,230.0,3.58,2024-10-20,2024-10-26,2024-10-23 00:00:00,0.006500000000000001,0.0026,0.0019
2024,44,27/10 - 02/11,6688.0,13,0.19,38.0,0.57,12.0,0.18,51.0,40.0,192.0,2.87,2024-10-27,2024-11-02,2024-10-30 00:00:00,0.005699999999999999,0.0018,0.0019
2024,45,03/11 - 09/11,6674.0,19,0.28,29.0,0.43,29.0,0.43,53.0,45.0,201.0,3.01,2024-11-03,2024-11-09,2024-11-06 00:00:00,0.0043,0.0043,0.0028000000000000004
2024,46,10/11 - 16/11,7007.0,15,0.21,35.0,0.5,32.0,0.46,50.0,45.0,242.0,3.45,2024-11-10,2024-11-16,2024-11-13 00:00:00,0.005,0.0046,0.0021
2024,47,17/11 - 23/11,6825.0,8,0.12,35.0,0.51,19.0,0.28,55.0,45.0,187.0,2.74,2024-11-17,2024-11-23,2024-11-20 00:00:00,0.0051,0.0028000000000000004,0.0012
2024,48,24/11 - 30/11,7082.0,19,0.27,47.0,0.66,23.0,0.32,54.0,45.0,282.0,3.98,2024-11-24,2024-11-30,2024-11-27 00:00:00,0.0066,0.0032,0.0027
2024,49,01/12 - 07/12,7751.0,23,0.3,58.0,0.75,29.0,0.37,54.0,44.0,288.0,3.72,2024-12-01,2024-12-07,2024-12-04 00:00:00,0.0075,0.0037,0.003
2024,50,08/12 - 14/12,7638.0,21,0.27,37.0,0.48,51.0,0.67,56.0,53.0,248.0,3.25,2024-12-08,2024-12-14,2024-12-11 00:00:00,0.0048,0.0067,0.0027
2024,51,15/12 - 21/12,7604.0,19,0.25,51.0,0.67,55.0,0.72,42.0,40.0,234.0,3.08,2024-12-15,2024-12-21,2024-12-18 00:00:00,0.0067,0.0072,0.0025
2024,52,22/12 - 28/12,8037.0,8,0.1,23.0,0.29,33.0,0.41,59.0,58.0,257.0,3.2,2024-12-22,2024-12-28,2024-12-25 00:00:00,0.0029,0.0040999999999999995,0.001
2025,1,29/12/2024 - 04/01,8424.0,9,0.11,36.0,0.43,57.0,0.68,265.0,3.15,71.0,0.84,2024-12-29,2025-01-04,2025-01-01 00:00:00,0.0043,0.0068000000000000005,0.0011
2025,2,05/01 - 11/01,8864.0,9,0.1,41.0,0.46,74.0,0.83,214.0,2.41,49.0,0.55,2025-01-05,2025-01-11,2025-01-08 00:00:00,0.0046,0.0083,0.001
2025,3,12/01 - 18/01,9016.0,19,0.21,24.0,0.27,61.0,0.68,185.0,2.05,49.0,0.54,2025-01-12,2025-01-18,2025-01-15 00:00:00,0.0027,0.0068000000000000005,0.0021
2025,4,19/01 - 25/01,9353.0,17,0.18,19.0,0.2,56.0,0.6,190.0,2.03,41.0,0.44,2025-01-19,2025-01-25,2025-01-22 00:00:00,0.002,0.006,0.0018
2025,5,26/01 - 01/02,7715.0,6,0.08,19.0,0.25,68.0,0.88,133.0,1.72,42.0,0.54,2025-01-26,2025-02-01,2025-01-29 00:00:00,0.0025,0.0088,0.0008
2025,6,02/02 - 08/02,10016.0,12,0.12,26.0,0.26,122.0,1.22,201.0,2.01,46.0,0.46,2025-02-02,2025-02-08,2025-02-05 00:00:00,0.0026,0.012199999999999999,0.0012
2025,7,09/02 - 15/02,9196.0,9,0.1,29.0,0.32,125.0,1.36,151.0,1.64,32.0,0.35,2025-02-09,2025-02-15,2025-02-12 00:00:00,0.0032,0.013600000000000001,0.001
2025,8,16/02 - 22/02,8794.0,17,0.19,29.0,0.33,169.0,1.92,112.0,1.27,30.0,0.34,2025-02-16,2025-02-22,2025-02-19 00:00:00,0.0033,0.0192,0.0019
2025,9,23/02 - 01/03,8100.0,15,0.19,21.0,0.26,149.0,1.84,138.0,1.7,25.0,0.31,2025-02-23,2025-03-01,2025-02-26 00:00:00,0.0026,0.0184,0.0019
2025,10,02/03 - 08/03,8236.0,4,0.05,25.0,0.3,183.0,2.22,170.0,2.06,40.0,0.49,2025-03-02,2025-03-08,2025-03-05 00:00:00,0.003,0.0222,0.0005
2025,11,09/03 - 15/03,8146.0,12,0.15,33.0,0.41,245.0,3.01,195.0,2.39,95.0,1.17,2025-03-09,2025-03-15,2025-03-12 00:00:00,0.0040999999999999995,0.0301,0.0015
2025,12,16/03 - 22/03,7782.0,7,0.09,55.0,0.71,270.0,3.47,251.0,3.23,133.0,1.71,2025-03-16,2025-03-22,2025-03-19 00:00:00,0.0070999999999999995,0.0347,0.0009
2025,13,23/03 - 29/03,8620.0,15,0.17,41.0,0.48,391.0,4.54,256.0,2.97,277.0,3.21,2025-03-23,2025-03-29,2025-03-26 00:00:00,0.0048,0.0454,0.0017000000000000001
2025,14,30/03 - 05/04,7420.0,14,0.19,50.0,0.67,261.0,3.52,237.0,3.19,378.0,5.09,2025-03-30,2025-04-05,2025-04-02 00:00:00,0.0067,0.0352,0.0019
2025,15,06/04 - 12/04,8648.0,12,0.14,70.0,0.81,343.0,3.97,332.0,3.84,537.0,6.21,2025-04-06,2025-04-12,2025-04-09 00:00:00,0.008100000000000001,0.0397,0.0014000000000000002
2025,16,13/04 - 19/04,8507.0,8,0.09,51.0,0.6,294.0,3.46,317.0,3.73,698.0,8.21,2025-04-13,2025-04-19,2025-04-16 00:00:00,0.006,0.0346,0.0009
2025,17,20/04 - 26/04,8879.0,7,0.08,42.0,0.47,319.0,3.59,238.0,2.68,895.0,10.08,2025-04-20,2025-04-26,2025-04-23 00:00:00,0.004699999999999999,0.0359,0.0008
2025,18,24/04 - 03/05,8468.0,6,0.07,41.0,0.48,306.0,3.61,224.0,2.65,967.0,11.42,2025-04-24,2025-05-03,2025-04-28 12:00:00,0.0048,0.0361,0.0007000000000000001
2025,19,04/05 - 10/05,8819.0,11,0.12,57.0,0.65,262.0,2.97,193.0,2.19,1205.0,13.66,2025-05-04,2025-05-10,2025-05-07 00:00:00,0.006500000000000001,0.0297,0.0012
2025,20,11/05 - 17/05,8797.0,14,0.16,75.0,0.85,258.0,2.93,197.0,2.24,1214.0,13.8,2025-05-11,2025-05-17,2025-05-14 00:00:00,0.0085,0.029300000000000003,0.0016
2025,21,18/05 - 24/05,8869.0,10,0.11,73.0,0.82,199.0,2.24,187.0,2.11,986.0,11.12,2025-05-18,2025-05-24,2025-05-21 00:00:00,0.008199999999999999,0.022400000000000003,0.0011
2025,22,25/05 - 31/05,8238.0,9,0.11,68.0,0.83,202.0,2.45,179.0,2.17,764.0,9.27,2025-05-25,2025-05-31,2025-05-28 00:00:00,0.0083,0.0245,0.0011
2025,23,01/06 - 07/06,8111.0,14,0.17,55.0,0.68,190.0,2.34,177.0,2.18,564.0,6.95,2025-06-01,2025-06-07,2025-06-04 00:00:00,0.0068000000000000005,0.023399999999999997,0.0017000000000000001
2025,24,08/06 - 14/06,7901.0,10,0.13,72.0,0.91,130.0,1.65,164.0,2.08,386.0,4.89,2025-06-08,2025-06-14,2025-06-11 00:00:00,0.0091,0.0165,0.0013
2025,25,15/06 - 21/06,7487.0,9,0.12,89.0,1.19,126.0,1.68,183.0,2.44,335.0,4.47,2025-06-15,2025-06-21,2025-06-18 00:00:00,0.011899999999999999,0.0168,0.0012
2025,26,22/06 - 28/06,7532.0,10,0.13,93.0,1.23,106.0,1.41,162.0,2.15,305.0,4.05,2025-06-22,2025-06-28,2025-06-25 00:00:00,0.0123,0.0141,0.0013
2025,27,29/06 - 05/07,7226.0,14,0.19,141.0,1.95,100.0,1.38,171.0,2.37,248.0,3.43,2025-06-29,2025-07-05,2025-07-02 00:00:00,0.0195,0.0138,0.0019
2025,28,06/07 - 12/07,7497.0,12,0.16,160.0,2.13,98.0,1.31,163.0,2.17,191.0,2.55,2025-07-06,2025-07-12,2025-07-09 00:00:00,0.0213,0.0131,0.0016
2025,29,13/07 - 19/07,7522.0,10,0.13,154.0,2.05,71.0,0.94,137.0,1.82,173.0,2.3,2025-07-13,2025-07-19,2025-07-16 00:00:00,0.020499999999999997,0.009399999999999999,0.0013
2025,30,20/07 - 26/07,7409.0,8,0.11,178.0,2.4,98.0,1.32,135.0,1.82,140.0,1.89,2025-07-20,2025-07-26,2025-07-23 00:00:00,0.024,0.0132,0.0011
2025,31,27/07 - 02/08,7764.0,11,0.14,219.0,2.82,91.0,1.17,137.0,1.76,109.0,1.4,2025-07-27,2025-08-02,2025-07-30 00:00:00,0.0282,0.011699999999999999,0.0014000000000000002
2025,32,03/08 - 09/08,7303.0,9,0.12,188.0,2.57,64.0,0.88,154.0,2.11,90.0,1.23,2025-08-03,2025-08-09,2025-08-06 00:00:00,0.025699999999999997,0.0088,0.0012
2025,33,10/08 - 16/08,7913.0,10,0.13,224.0,2.83,56.0,0.71,137.0,1.73,119.0,1.5,2025-08-10,2025-08-16,2025-08-13 00:00:00,0.028300000000000002,0.0070999999999999995,0.0013
2025,34,17/08 - 23/08,8047.0,10,0.12,213.0,2.65,59.0,0.73,149.0,1.85,112.0,1.39,2025-08-17,2025-08-23,2025-08-20 00:00:00,0.0265,0.0073,0.0012
2025,35,24/08 - 30/08,8458.0,4,0.05,238.0,2.81,60.0,0.71,190.0,2.25,113.0,1.34,2025-08-24,2025-08-30,2025-08-27 00:00:00,0.0281,0.0070999999999999995,0.0005
2025,36,31/08 - 06/09,7996.0,11,0.14,271.0,3.39,53.0,0.66,171.0,2.14,88.0,1.1,2025-08-31,2025-09-06,2025-09-03 00:00:00,0.0339,0.0066,0.0014000000000000002
2025,37,07/09 - 13/09,8194.0,8,0.1,290.0,3.54,41.0,0.5,242.0,2.95,64.0,0.78,2025-09-07,2025-09-13,2025-09-10 00:00:00,0.0354,0.005,0.001
2025,38,14/09 - 20/09,8459.0,9,0.11,282.0,3.33,29.0,0.34,260.0,3.07,55.0,0.65,2025-09-14,2025-09-20,2025-09-17 00:00:00,0.0333,0.0034000000000000002,0.0011
2025,39,21/09 - 27/09,7867.0,7,0.09,228.0,2.9,34.0,0.43,276.0,3.51,53.0,0.67,2025-09-21,2025-09-27,2025-09-24 00:00:00,0.028999999999999998,0.0043,0.0009
2025,40,28/09 - 04/10,8287.0,5,0.06,258.0,3.11,34.0,0.41,235.0,2.84,48.0,0.58,2025-09-28,2025-10-04,2025-10-01 00:00:00,0.0311,0.0040999999999999995,0.0006
2025,41,05/10 - 11/10,8193.0,7,0.09,239.0,2.92,28.0,0.34,233.0,2.84,33.0,0.4,2025-10-05,2025-10-11,2025-10-08 00:00:00,0.0292,0.0034000000000000002,0.0009
2025,42,12/10 - 18/10,8723.0,5,0.06,211.0,2.42,22.0,0.25,272.0,3.12,28.0,0.32,2025-10-12,2025-10-18,2025-10-15 00:00:00,0.0242,0.0025,0.0006
2025,43,19/10 - 25/10,8126.0,17,0.21,222.0,2.73,17.0,0.21,259.0,3.19,35.0,0.43,2025-10-19,2025-10-25,2025-10-22 00:00:00,0.0273,0.0021,0.0021
2025,44,26/10 - 01/11,8557.0,7,0.08,202.0,2.36,23.0,0.27,278.0,3.25,18.0,0.21,2025-10-26,2025-11-01,2025-10-29 00:00:00,0.0236,0.0027,0.0008
2025,45,02/11 - 08/11,8296.0,8,0.1,136.0,1.64,14.0,0.17,348.0,4.19,18.0,0.22,2025-11-02,2025-11-08,2025-11-05 00:00:00,0.016399999999999998,0.0017000000000000001,0.001
2025,46,09/11 - 15/11,8283.0,11,0.13,97.0,1.17,10.0,0.12,426.0,5.14,5.0,0.06,2025-11-09,2025-11-15,2025-11-12 00:00:00,0.011699999999999999,0.0012,0.0013
2025,47,16/11 - 22/11,8196.0,15,0.18,90.0,1.1,21.0,0.26,418.0,5.1,5.0,0.06,2025-11-16,2025-11-22,2025-11-19 00:00:00,0.011000000000000001,0.0026,0.0018
2025,48,23/11 - 29/11,8406.0,20,0.24,53.0,0.63,14.0,0.17,468.0,5.57,8.0,0.1,2025-11-23,2025-11-29,2025-11-26 00:00:00,0.0063,0.0017000000000000001,0.0024
2025,49,30/11 - 06/12,8796.0,17,0.19,48.0,0.55,16.0,0.18,492.0,5.59,4.0,0.05,2025-11-30,2025-12-06,2025-12-03 00:00:00,0.0055000000000000005,0.0018,0.0019
2025,50,07/12 - 13/12,8720.0,10,0.11,34.0,0.39,13.0,0.15,519.0,5.95,3.0,0.03,2025-12-07,2025-12-13,2025-12-10 00:00:00,0.0039000000000000003,0.0015,0.0011
2025,51,14/12 - 20/12,8356.0,15,0.18,20.0,0.24,11.0,0.13,507.0,6.07,8.0,0.1,2025-12-14,2025-12-20,2025-12-17 00:00:00,0.0024,0.0013,0.0018
2025,52,21/12 - 27/12,7962.0,9,0.11,19.0,0.24,14.0,0.18,468.0,5.88,2.0,0.03,2025-12-21,2025-12-27,2025-12-24 00:00:00,0.0024,0.0018,0.0011
2026,1,28/12/2025 - 03/01,8281.0,5,0.06,12.0,0.14,20.0,0.24,444.0,5.36,4.0,0.05,2025-12-28,2026-01-03,2025-12-31 00:00:00,0.0014000000000000002,0.0024,0.0006
2026,2,04/01 - 10/01,7937.0,3,0.04,19.0,0.24,21.0,0.26,378.0,4.76,9.0,0.11,2026-01-04,2026-01-10,2026-01-07 00:00:00,0.0024,0.0026,0.0004
2026,3,11/01 - 17/01,9044.0,13,0.14,22.0,0.24,26.0,0.29,373.0,4.12,16.0,0.18,2026-01-11,2026-01-17,2026-01-14 00:00:00,0.0024,0.0029,0.0014000000000000002
2026,4,18/01 - 24/01,8784.0,13,0.15,14.0,0.16,31.0,0.35,382.0,4.35,4.0,0.05,2026-01-18,2026-01-24,2026-01-21 00:00:00,0.0016,0.0034999999999999996,0.0015
2026,5,25/01 - 31/01,8677.0,15,0.17,20.0,0.23,30.0,0.35,315.0,3.63,3.0,0.03,2026-01-25,2026-01-31,2026-01-28 00:00:00,0.0023,0.0034999999999999996,0.0017000000000000001
2026,6,01/02 - 07/02,8316.0,11,0.13,20.0,0.24,19.0,0.23,288.0,3.46,8.0,0.1,2026-02-01,2026-02-07,2026-02-04 00:00:00,0.0024,0.0023,0.0013
2026,7,08/02 - 14/02,8146.0,8,0.1,22.0,0.27,42.0,0.52,295.0,3.62,8.0,0.1,2026-02-08,2026-02-14,2026-02-11 00:00:00,0.0027,0.0052,0.001
2026,8,15/02 - 21/02,7803.0,4,0.05,17.0,0.22,25.0,0.32,257.0,3.29,6.0,0.08,2026-02-15,2026-02-21,2026-02-18 00:00:00,0.0022,0.0032,0.0005
2026,9,22/02 - 28/02,9231.0,5,0.05,28.0,0.3,71.0,0.77,290.0,3.14,7.0,0.08,2026-02-22,2026-02-28,2026-02-25 00:00:00,0.003,0.0077,0.0005
2026,10,01/03 - 07/03,8594.0,5,0.06,21.0,0.24,55.0,0.64,190.0,2.21,15.0,0.17,2026-03-01,2026-03-07,2026-03-04 00:00:00,0.0024,0.0064,0.0006
2026,11,08/03 - 14/03,8512.0,9,0.11,52.0,0.61,67.0,0.79,210.0,2.47,13.0,0.15,2026-03-08,2026-03-14,2026-03-11 00:00:00,0.0060999999999999995,0.0079,0.0011
2026,12,15/03 - 21/03,8532.0,11,0.13,48.0,0.56,81.0,0.95,237.0,2.78,6.0,0.07,2026-03-15,2026-03-21,2026-03-18 00:00:00,0.005600000000000001,0.0095,0.0013
2026,13,22/03 - 28/03,8817.0,13,0.15,73.0,0.83,79.0,0.9,284.0,3.22,8.0,0.09,2026-03-22,2026-03-28,2026-03-25 00:00:00,0.0083,0.009000000000000001,0.0015
2026,14,29/03 - 04/04,8158.0,7,0.09,47.0,0.58,90.0,1.1,232.0,2.84,6.0,0.07,2026-03-29,2026-04-04,2026-04-01 00:00:00,0.0058,0.011000000000000001,0.0009
2026,15,05/04 - 11/04,8188.0,2,0.02,50.0,0.61,145.0,1.77,203.0,2.48,3.0,0.04,2026-04-05,2026-04-11,2026-04-08 00:00:00,0.0060999999999999995,0.0177,0.0002
