Year,Week,Date,Specimens_Other,Adenovirus_count,Adenovirus_pct,RSV_count,RSV_pct,Metapneumovirus_count,Metapneumovirus_pct,Rhinovirus_Enterovirus_count,Rhinovirus_Enterovirus_pct,SARS_CoV_2_count,SARS_CoV_2_pct,From,To,MidDate
2014,1,29/12/2013 - 04/01,2164,39,1.8,6,0.28,22,1.02,22,22.0,,,2013-12-29,2014-01-04,2014-01-01 00:00:00
2014,2,05/01 - 11/01,2412,33,1.37,6,0.25,18,0.75,18,17.0,,,2014-01-05,2014-01-11,2014-01-08 00:00:00
2014,3,12/01 - 18/01,2307,28,1.21,4,0.17,12,0.52,12,12.0,,,2014-01-12,2014-01-18,2014-01-15 00:00:00
2014,4,19/01 - 25/01,2589,20,0.77,20,0.77,13,0.5,13,12.0,,,2014-01-19,2014-01-25,2014-01-22 00:00:00
2014,5,26/01 - 01/02,2676,17,0.64,12,0.45,10,0.37,10,10.0,,,2014-01-26,2014-02-01,2014-01-29 00:00:00
2014,6,02/02 - 08/02,3042,27,0.89,12,0.39,12,0.39,12,10.0,,,2014-02-02,2014-02-08,2014-02-05 00:00:00
2014,7,09/02 - 15/02,2588,42,1.62,21,0.81,148,5.72,148,139.0,,,2014-02-09,2014-02-15,2014-02-12 00:00:00
2014,8,16/02 - 22/02,2879,46,1.6,33,1.15,152,5.28,150,141.0,,,2014-02-16,2014-02-22,2014-02-19 00:00:00
2014,9,23/02 - 01/03,2882,36,1.25,46,1.6,170,5.9,168,160.0,,,2014-02-23,2014-03-01,2014-02-26 00:00:00
2014,10,02/03 - 08/03,2516,32,1.27,48,1.91,207,8.23,206,189.0,,,2014-03-02,2014-03-08,2014-03-05 00:00:00
2014,11,09/03 - 15/03,2433,28,1.15,71,2.92,201,8.26,201,198.0,,,2014-03-09,2014-03-15,2014-03-12 00:00:00
2014,12,16/03 - 22/03,2553,35,1.37,97,3.8,263,10.3,262,258.0,,,2014-03-16,2014-03-22,2014-03-19 00:00:00
2014,13,23/03 - 29/03,2533,46,1.82,152,6.0,266,10.5,209,197.0,,,2014-03-23,2014-03-29,2014-03-26 00:00:00
2014,14,30/03 - 05/04,2186,40,1.83,128,5.86,240,10.98,80,77.0,,,2014-03-30,2014-04-05,2014-04-02 00:00:00
2014,15,06/04 - 12/04,2552,49,1.92,186,7.29,312,12.23,89,83.0,,,2014-04-06,2014-04-12,2014-04-09 00:00:00
2014,16,13/04 - 19/04,2309,47,2.04,146,6.32,273,11.82,87,84.0,,,2014-04-13,2014-04-19,2014-04-16 00:00:00
2014,17,20/04 - 26/04,2297,23,1.0,148,6.44,274,11.93,100,86.0,,,2014-04-20,2014-04-26,2014-04-23 00:00:00
2014,18,27/04 - 03/05,2193,69,3.15,117,5.34,259,11.81,109,94.0,,,2014-04-27,2014-05-03,2014-04-30 00:00:00
2014,19,04/05 - 10/05,1933,40,2.07,76,3.93,246,12.73,99,85.0,,,2014-05-04,2014-05-10,2014-05-07 00:00:00
2014,20,11/05 - 17/05,1919,35,1.82,64,3.34,253,13.18,102,82.0,,,2014-05-11,2014-05-17,2014-05-14 00:00:00
2014,21,18/05 - 24/05,1972,56,2.84,71,3.6,302,15.31,100,64.0,,,2014-05-18,2014-05-24,2014-05-21 00:00:00
2014,22,25/05 - 31/05,2061,64,3.11,104,5.05,332,16.11,94,65.0,,,2014-05-25,2014-05-31,2014-05-28 00:00:00
2014,23,01/06 - 07/06,2132,54,2.53,114,5.35,324,15.2,106,70.0,,,2014-06-01,2014-06-07,2014-06-04 00:00:00
2014,24,08/06 - 14/06,2183,73,3.34,119,5.45,301,13.79,101,58.0,,,2014-06-08,2014-06-14,2014-06-11 00:00:00
2014,25,15/06 - 21/06,2048,55,2.69,89,4.35,226,11.04,95,54.0,,,2014-06-15,2014-06-21,2014-06-18 00:00:00
2014,26,22/06 - 28/06,1825,77,4.22,67,3.67,216,11.84,112,52.0,,,2014-06-22,2014-06-28,2014-06-25 00:00:00
2014,27,29/06 - 05/07,1867,84,4.5,78,4.18,251,13.44,107,55.0,,,2014-06-29,2014-07-05,2014-07-02 00:00:00
2014,28,06/07 - 12/07,1945,99,5.09,95,4.88,261,13.42,99,47.0,,,2014-07-06,2014-07-12,2014-07-09 00:00:00
2014,29,13/07 - 19/07,1924,73,3.79,101,5.25,207,10.76,102,57.0,,,2014-07-13,2014-07-19,2014-07-16 00:00:00
2014,30,20/07 - 26/07,1728,97,5.61,83,4.8,156,9.03,103,57.0,,,2014-07-20,2014-07-26,2014-07-23 00:00:00
2014,31,27/07 - 02/08,1709,73,4.27,82,4.8,123,7.2,98,67.0,,,2014-07-27,2014-08-02,2014-07-30 00:00:00
2014,32,03/08 - 09/08,1653,82,4.96,72,4.36,92,5.57,76,55.0,,,2014-08-03,2014-08-09,2014-08-06 00:00:00
2014,33,10/08 - 16/08,1549,60,3.87,67,4.33,131,8.46,99,79.0,,,2014-08-10,2014-08-16,2014-08-13 00:00:00
2014,34,17/08 - 23/08,1480,49,3.31,52,3.51,113,7.64,91,68.0,,,2014-08-17,2014-08-23,2014-08-20 00:00:00
2014,35,24/08 - 30/08,1638,64,3.91,61,3.72,137,8.36,111,81.0,,,2014-08-24,2014-08-30,2014-08-27 00:00:00
2014,36,31/08 - 06/09,1844,50,2.71,74,4.01,124,6.72,84,73.0,,,2014-08-31,2014-09-06,2014-09-03 00:00:00
2014,37,07/09 - 13/09,1848,55,2.98,78,4.22,181,9.79,93,84.0,,,2014-09-07,2014-09-13,2014-09-10 00:00:00
2014,38,14/09 - 20/09,1949,74,3.8,53,2.72,253,12.98,86,75.0,,,2014-09-14,2014-09-20,2014-09-17 00:00:00
2014,39,21/09 - 27/09,1983,59,2.98,60,3.03,261,13.16,105,91.0,,,2014-09-21,2014-09-27,2014-09-24 00:00:00
2014,40,28/09 - 04/10,1912,67,3.5,86,4.5,275,14.38,122,111.0,,,2014-09-28,2014-10-04,2014-10-01 00:00:00
2014,41,05/10 - 11/10,1857,74,3.98,65,3.5,276,14.86,81,73.0,,,2014-10-05,2014-10-11,2014-10-08 00:00:00
2014,42,12/10 - 18/10,1898,83,4.37,37,1.95,294,15.49,96,86.0,,,2014-10-12,2014-10-18,2014-10-15 00:00:00
2014,43,19/10 - 25/10,1797,53,2.95,34,1.89,305,16.97,97,92.0,,,2014-10-19,2014-10-25,2014-10-22 00:00:00
2014,44,26/10 - 01/11,1962,95,4.84,26,1.33,307,15.65,89,80.0,,,2014-10-26,2014-11-01,2014-10-29 00:00:00
2014,45,02/11 - 08/11,1964,105,5.35,29,1.48,294,14.97,99,92.0,,,2014-11-02,2014-11-08,2014-11-05 00:00:00
2014,46,09/11 - 15/11,1812,116,6.4,24,1.32,305,16.83,113,108.0,,,2014-11-09,2014-11-15,2014-11-12 00:00:00
2014,47,16/11 - 22/11,2102,94,4.47,28,1.33,372,17.7,88,79.0,,,2014-11-16,2014-11-22,2014-11-19 00:00:00
2014,48,23/11 - 29/11,2140,125,5.84,33,1.54,319,14.91,80,78.0,,,2014-11-23,2014-11-29,2014-11-26 00:00:00
2014,49,30/11 - 06/12,2045,117,5.72,37,1.81,277,13.55,101,91.0,,,2014-11-30,2014-12-06,2014-12-03 00:00:00
2014,50,07/12 - 13/12,2158,120,5.56,55,2.55,291,13.48,84,77.0,,,2014-12-07,2014-12-13,2014-12-10 00:00:00
2014,51,14/12 - 20/12,2373,140,5.9,50,2.11,314,13.23,102,100.0,,,2014-12-14,2014-12-20,2014-12-17 00:00:00
2014,52,21/12 - 27/12,2495,89,3.57,46,1.84,269,10.78,109,107.0,,,2014-12-21,2014-12-27,2014-12-24 00:00:00
2015,1,28/12/2014 - 03/01,3069,134,4.37,51,1.66,266,8.67,92,91.0,,,2014-12-28,2015-01-03,2014-12-31 00:00:00
2015,2,04/01 - 10/01,3351,105,3.13,64,1.91,289,8.62,99,96.0,,,2015-01-04,2015-01-10,2015-01-07 00:00:00
2015,3,11/01 - 17/01,3392,110,3.24,49,1.44,215,6.34,83,83.0,,,2015-01-11,2015-01-17,2015-01-14 00:00:00
2015,4,18/01 - 24/01,4315,100,2.32,70,1.62,248,5.75,117,115.0,,,2015-01-18,2015-01-24,2015-01-21 00:00:00
2015,5,25/01 - 31/01,5187,82,1.58,84,1.62,304,5.86,115,111.0,,,2015-01-25,2015-01-31,2015-01-28 00:00:00
2015,6,01/02 - 07/02,4854,88,1.81,69,1.42,230,4.74,51,49.0,,,2015-02-01,2015-02-07,2015-02-04 00:00:00
2015,7,08/02 - 14/02,4650,94,2.02,90,1.94,199,4.28,121,119.0,,,2015-02-08,2015-02-14,2015-02-11 00:00:00
2015,8,15/02 - 21/02,4049,94,2.32,70,1.73,215,5.31,110,109.0,,,2015-02-15,2015-02-21,2015-02-18 00:00:00
2015,9,22/02 - 28/02,4714,85,1.8,120,2.55,214,4.54,81,79.0,,,2015-02-22,2015-02-28,2015-02-25 00:00:00
2015,10,01/03 - 07/03,4145,57,1.38,70,1.69,145,3.5,98,89.0,,,2015-03-01,2015-03-07,2015-03-04 00:00:00
2015,11,08/03 - 14/03,3800,44,1.16,72,1.89,131,3.45,81,76.0,,,2015-03-08,2015-03-14,2015-03-11 00:00:00
2015,12,15/03 - 21/03,4093,46,1.12,97,2.37,255,6.23,78,77.0,,,2015-03-15,2015-03-21,2015-03-18 00:00:00
2015,13,22/03 - 28/03,3640,57,1.57,103,2.83,257,7.06,44,42.0,,,2015-03-22,2015-03-28,2015-03-25 00:00:00
2015,14,29/03 - 04/04,2767,38,1.37,80,2.89,235,8.49,63,62.0,,,2015-03-29,2015-04-04,2015-04-01 00:00:00
2015,15,05/04 - 11/04,4054,39,0.96,137,3.38,362,8.93,85,78.0,,,2015-04-05,2015-04-11,2015-04-08 00:00:00
2015,16,12/04 - 18/04,3275,37,1.13,129,3.94,313,9.56,41,35.0,,,2015-04-12,2015-04-18,2015-04-15 00:00:00
2015,17,19/04 - 25/04,3093,23,0.74,83,2.68,290,9.38,99,89.0,,,2015-04-19,2015-04-25,2015-04-22 00:00:00
2015,18,26/04 - 02/05,2989,36,1.2,108,3.61,357,11.94,57,47.0,,,2015-04-26,2015-05-02,2015-04-29 00:00:00
2015,19,03/05 - 09/05,2956,34,1.15,95,3.21,358,12.11,33,28.0,,,2015-05-03,2015-05-09,2015-05-06 00:00:00
2015,20,10/05 - 16/05,2875,35,1.22,89,3.1,368,12.8,109,82.0,,,2015-05-10,2015-05-16,2015-05-13 00:00:00
2015,21,17/05 - 23/05,2786,38,1.36,91,3.27,370,13.28,85,58.0,,,2015-05-17,2015-05-23,2015-05-20 00:00:00
2015,22,24/05 - 30/05,2963,36,1.21,119,4.02,346,11.68,104,77.0,,,2015-05-24,2015-05-30,2015-05-27 00:00:00
2015,23,31/05 - 06/06,3337,58,1.74,123,3.69,342,10.25,70,46.0,,,2015-05-31,2015-06-06,2015-06-03 00:00:00
2015,24,07/06 - 13/06,3815,61,1.6,125,3.28,406,10.64,151,91.0,,,2015-06-07,2015-06-13,2015-06-10 00:00:00
2015,25,14/06 - 20/06,3480,54,1.55,134,3.85,326,9.37,45,25.0,,,2015-06-14,2015-06-20,2015-06-17 00:00:00
2015,26,21/06 -  27/06,4086,55,1.35,149,3.65,346,8.47,130,75.0,,,2015-06-21,2015-06-27,2015-06-24 00:00:00
2015,27,28/06 - 04/07,3825,46,1.2,170,4.44,279,7.29,75,39.0,,,2015-06-28,2015-07-04,2015-07-01 00:00:00
2015,28,05/07 - 11/07,3420,63,1.84,174,5.09,267,7.81,104,60.0,,,2015-07-05,2015-07-11,2015-07-08 00:00:00
2015,29,12/07 - 18/07,3186,43,1.35,173,5.43,262,8.22,86,66.0,,,2015-07-12,2015-07-18,2015-07-15 00:00:00
2015,30,19/07 - 25/07,2793,29,1.04,147,5.26,205,7.34,76,58.0,,,2015-07-19,2015-07-25,2015-07-22 00:00:00
2015,31,26/07 - 01/08,2799,38,1.36,113,4.04,211,7.54,105,74.0,,,2015-07-26,2015-08-01,2015-07-29 00:00:00
2015,32,02/08 - 08/08,2898,32,1.1,133,4.59,240,8.28,108,75.0,,,2015-08-02,2015-08-08,2015-08-05 00:00:00
2015,33,09/08 - 15/08,2883,36,1.25,131,4.54,247,8.57,97,69.0,,,2015-08-09,2015-08-15,2015-08-12 00:00:00
2015,34,16/08 - 22/08,2599,34,1.31,136,5.23,219,8.43,69,52.0,,,2015-08-16,2015-08-22,2015-08-19 00:00:00
2015,35,23/08 - 29/08,2759,49,1.78,112,4.06,248,8.99,100,78.0,,,2015-08-23,2015-08-29,2015-08-26 00:00:00
2015,36,30/08 - 05/09,2501,35,1.4,119,4.76,279,11.16,99,76.0,,,2015-08-30,2015-09-05,2015-09-02 00:00:00
2015,37,06/09 - 12/09,2669,33,1.24,126,4.72,382,14.31,80,65.0,,,2015-09-06,2015-09-12,2015-09-09 00:00:00
2015,38,13/09 - 19/09,2926,33,1.13,128,4.37,513,17.53,97,90.0,,,2015-09-13,2015-09-19,2015-09-16 00:00:00
2015,39,20/09 - 26/09,2832,43,1.52,88,3.11,499,17.62,117,108.0,,,2015-09-20,2015-09-26,2015-09-23 00:00:00
2015,40,27/09 - 03/10,2681,37,1.38,107,3.99,504,18.8,81,68.0,,,2015-09-27,2015-10-03,2015-09-30 00:00:00
2015,41,04/10 - 10/10,2708,45,1.66,90,3.32,428,15.81,88,81.0,,,2015-10-04,2015-10-10,2015-10-07 00:00:00
2015,42,11/10 - 17/10,2749,36,1.31,74,2.69,376,13.68,97,87.0,,,2015-10-11,2015-10-17,2015-10-14 00:00:00
2015,43,18/10 - 24/10,2890,55,1.9,64,2.21,421,14.57,99,81.0,,,2015-10-18,2015-10-24,2015-10-21 00:00:00
2015,44,25/10 - 31/10,2911,40,1.37,66,2.27,394,13.53,94,85.0,,,2015-10-25,2015-10-31,2015-10-28 00:00:00
2015,45,01/11 - 07/11,2921,51,1.75,42,1.44,400,13.69,99,86.0,,,2015-11-01,2015-11-07,2015-11-04 00:00:00
2015,46,08/11 - 14/11,2802,46,1.64,38,1.36,326,11.63,88,74.0,,,2015-11-08,2015-11-14,2015-11-11 00:00:00
2015,47,15/11 - 21/11,2770,41,1.48,43,1.55,330,11.91,92,72.0,,,2015-11-15,2015-11-21,2015-11-18 00:00:00
2015,48,22/11 - 28/11,2792,49,1.76,54,1.93,368,13.18,104,66.0,,,2015-11-22,2015-11-28,2015-11-25 00:00:00
2015,49,29/11 - 05/12,3017,50,1.66,57,1.89,373,12.36,97,73.0,,,2015-11-29,2015-12-05,2015-12-02 00:00:00
2015,50,06/12 - 12/12,2874,42,1.46,49,1.7,397,13.81,92,63.0,,,2015-12-06,2015-12-12,2015-12-09 00:00:00
2015,51,13/12 - 19/12,3077,50,1.62,56,1.82,381,12.38,103,82.0,,,2015-12-13,2015-12-19,2015-12-16 00:00:00
2015,52,20/12 - 26/12,3232,30,0.93,42,1.3,338,10.46,105,80.0,,,2015-12-20,2015-12-26,2015-12-23 00:00:00
2016,1,27/12/2015 - 02/01,3124,35,1.12,78,2.5,318,10.18,83,66.0,,,2015-12-27,2016-01-02,2015-12-30 00:00:00
2016,2,03/01 - 09/01,3204,44,1.37,90,2.81,334,10.42,84,66.0,,,2016-01-03,2016-01-09,2016-01-06 00:00:00
2016,3,10/01 - 16/01,3096,39,1.26,96,3.1,269,8.69,91,72.0,,,2016-01-10,2016-01-16,2016-01-13 00:00:00
2016,4,17/01 - 23/01,3280,47,1.43,125,3.81,307,9.36,99,84.0,,,2016-01-17,2016-01-23,2016-01-20 00:00:00
2016,5,24/01 - 30/01,3537,21,0.59,130,3.68,330,9.33,84,64.0,,,2016-01-24,2016-01-30,2016-01-27 00:00:00
2016,6,31/01 - 06/02,3935,49,1.25,157,3.99,290,7.37,100,84.0,,,2016-01-31,2016-02-06,2016-02-03 00:00:00
2016,7,07/02 - 13/02,4544,56,1.23,183,4.03,272,5.99,100,85.0,,,2016-02-07,2016-02-13,2016-02-10 00:00:00
2016,8,14/02 - 20/02,4896,61,1.25,219,4.47,271,5.24,90,81.0,,,2016-02-14,2016-02-20,2016-02-17 00:00:00
2016,9,21/02 - 27/02,4959,64,1.29,190,3.83,217,4.38,105,90.0,,,2016-02-21,2016-02-27,2016-02-24 00:00:00
2016,10,28/02 - 05/03,5110,66,1.29,184,3.6,258,5.05,85,75.0,,,2016-02-28,2016-03-05,2016-03-02 00:00:00
2016,11,06/03 - 12/03,4651,56,1.2,157,3.38,244,5.25,76,69.0,,,2016-03-06,2016-03-12,2016-03-09 00:00:00
2016,12,13/03 - 19/03,4247,63,1.48,166,3.91,270,6.36,99,78.0,,,2016-03-13,2016-03-19,2016-03-16 00:00:00
2016,13,20/03 - 26/03,3241,74,2.28,148,4.57,241,7.44,80,63.0,,,2016-03-20,2016-03-26,2016-03-23 00:00:00
2016,14,27/03 - 02/04,5273,64,1.21,195,3.7,349,6.62,110,75.0,,,2016-03-27,2016-04-02,2016-03-30 00:00:00
2016,15,03/04 - 09/04,4159,76,1.83,119,2.86,285,6.85,94,73.0,,,2016-04-03,2016-04-09,2016-04-06 00:00:00
2016,16,10/04 - 16/04,4070,76,1.87,132,3.24,305,7.49,96,73.0,,,2016-04-10,2016-04-16,2016-04-13 00:00:00
2016,17,17/04 - 23/04,4116,43,1.04,172,4.18,411,9.99,93,69.0,,,2016-04-17,2016-04-23,2016-04-20 00:00:00
2016,18,24/04 - 30/04,4342,57,1.31,180,4.15,536,12.34,120,103.0,,,2016-04-24,2016-04-30,2016-04-27 00:00:00
2016,19,01/05 - 07/05,4017,61,1.52,153,3.81,608,15.14,103,68.0,,,2016-05-01,2016-05-07,2016-05-04 00:00:00
2016,20,08/05 - 14/05,3435,63,1.83,158,4.6,425,12.37,85,50.0,,,2016-05-08,2016-05-14,2016-05-11 00:00:00
2016,21,15/05 - 21/05,4530,132,2.91,164,3.62,600,13.25,114,66.0,,,2016-05-15,2016-05-21,2016-05-18 00:00:00
2016,22,22/05 - 28/05,3783,87,2.3,123,3.25,510,13.48,90,59.0,,,2016-05-22,2016-05-28,2016-05-25 00:00:00
2016,23,29/05 - 04/06,3806,106,2.79,120,3.15,521,13.69,95,55.0,,,2016-05-29,2016-06-04,2016-06-01 00:00:00
2016,24,05/06 - 11/06,3304,106,3.21,120,3.63,444,13.44,96,54.0,,,2016-06-05,2016-06-11,2016-06-08 00:00:00
2016,25,12/06 - 18/06,3262,107,3.28,119,3.65,438,13.43,88,56.0,,,2016-06-12,2016-06-18,2016-06-15 00:00:00
2016,26,19/06 - 25/06,3455,134,3.88,101,2.92,479,13.86,98,51.0,,,2016-06-19,2016-06-25,2016-06-22 00:00:00
2016,27,26/06 - 02/07,2982,132,4.43,105,3.52,360,12.07,97,65.0,,,2016-06-26,2016-07-02,2016-06-29 00:00:00
2016,28,03/07 - 09/07,3087,116,3.76,140,4.54,363,11.76,89,52.0,,,2016-07-03,2016-07-09,2016-07-06 00:00:00
2016,29,10/07 - 16/07,3236,122,3.77,135,4.17,336,10.38,94,66.0,,,2016-07-10,2016-07-16,2016-07-13 00:00:00
2016,30,17/07 - 23/07,3206,159,4.96,149,4.65,310,9.67,98,60.0,,,2016-07-17,2016-07-23,2016-07-20 00:00:00
2016,31,24/07 - 30/07,3091,122,3.95,155,5.01,251,8.12,92,69.0,,,2016-07-24,2016-07-30,2016-07-27 00:00:00
2016,32,31/07 - 06/08,3035,115,3.79,147,4.84,220,7.25,93,75.0,,,2016-07-31,2016-08-06,2016-08-03 00:00:00
2016,33,07/08 - 13/08,3045,96,3.15,112,3.68,164,5.39,90,64.0,,,2016-08-07,2016-08-13,2016-08-10 00:00:00
2016,34,14/08 - 20/08,2845,84,2.95,109,3.83,128,4.5,90,62.0,,,2016-08-14,2016-08-20,2016-08-17 00:00:00
2016,35,21/08 - 27/08,3066,93,3.03,116,3.78,147,4.79,97,66.0,,,2016-08-21,2016-08-27,2016-08-24 00:00:00
2016,36,28/08 - 03/09,3025,54,1.79,105,3.47,156,5.16,94,71.0,,,2016-08-28,2016-09-03,2016-08-31 00:00:00
2016,37,04/09 - 10/09,3040,65,2.14,100,3.29,178,5.86,82,64.0,,,2016-09-04,2016-09-10,2016-09-07 00:00:00
2016,38,11/09 - 17/09,3328,53,1.59,110,3.31,257,7.72,99,86.0,,,2016-09-11,2016-09-17,2016-09-14 00:00:00
2016,39,18/09 - 24/09,3933,65,1.65,128,3.25,427,10.86,90,76.0,,,2016-09-18,2016-09-24,2016-09-21 00:00:00
2016,40,25/09 - 01/10,3285,54,1.64,89,2.71,373,11.35,83,70.0,,,2016-09-25,2016-10-01,2016-09-28 00:00:00
2016,41,02/10 - 08/10,3732,73,1.96,92,2.47,469,12.57,97,82.0,,,2016-10-02,2016-10-08,2016-10-05 00:00:00
2016,42,09/10 - 15/10,3359,83,2.47,74,2.2,367,10.93,90,69.0,,,2016-10-09,2016-10-15,2016-10-12 00:00:00
2016,43,16/10 - 22/10,3105,80,2.58,64,2.06,330,10.63,91,73.0,,,2016-10-16,2016-10-22,2016-10-19 00:00:00
2016,44,23/10 - 29/10,3364,119,3.54,62,1.84,347,10.32,88,62.0,,,2016-10-23,2016-10-29,2016-10-26 00:00:00
2016,45,30/10 - 05/11,3286,104,3.16,74,2.25,342,10.41,91,69.0,,,2016-10-30,2016-11-05,2016-11-02 00:00:00
2016,46,06/11 - 12/11,3413,109,3.19,68,1.99,348,10.2,84,70.0,,,2016-11-06,2016-11-12,2016-11-09 00:00:00
2016,47,13/11 - 19/11,3588,105,2.93,80,2.23,419,11.68,94,77.0,,,2016-11-13,2016-11-19,2016-11-16 00:00:00
2016,48,20/11 - 26/11,3464,100,2.89,64,1.85,420,12.12,94,72.0,,,2016-11-20,2016-11-26,2016-11-23 00:00:00
2016,49,27/11 - 03/12,3519,91,2.59,97,2.76,392,11.14,91,79.0,,,2016-11-27,2016-12-03,2016-11-30 00:00:00
2016,50,04/12 - 10/12,3657,106,2.9,61,1.67,448,12.25,90,81.0,,,2016-12-04,2016-12-10,2016-12-07 00:00:00
2016,51,11/12 - 17/12,3786,118,3.12,59,1.56,437,11.54,94,79.0,,,2016-12-11,2016-12-17,2016-12-14 00:00:00
2016,52,18/12 - 24/12,3657,116,3.17,69,1.89,395,10.8,93,84.0,,,2016-12-18,2016-12-24,2016-12-21 00:00:00
2016,53,25/12 - 31/12,3508,137,3.91,71,2.02,421,12.0,96,87.0,,,2016-12-25,2016-12-31,2016-12-28 00:00:00
2017,1,01/01 - 07/01,3777,161,4.26,75,1.99,374,9.9,95,90.0,,,2017-01-01,2017-01-07,2017-01-04 00:00:00
2017,2,08/01 - 14/01,3999,123,3.08,81,2.03,422,10.55,103,98.0,,,2017-01-08,2017-01-14,2017-01-11 00:00:00
2017,3,15/01 - 21/01,3780,122,3.23,96,2.54,398,10.53,83,81.0,,,2017-01-15,2017-01-21,2017-01-18 00:00:00
2017,4,22/01 - 28/01,3464,100,2.89,87,2.51,404,11.66,74,70.0,,,2017-01-22,2017-01-28,2017-01-25 00:00:00
2017,5,29/01 - 04/02,4405,103,2.34,133,3.02,413,9.38,106,103.0,,,2017-01-29,2017-02-04,2017-02-01 00:00:00
2017,6,05/02 - 11/02,4104,96,2.34,116,2.83,325,7.92,88,79.0,,,2017-02-05,2017-02-11,2017-02-08 00:00:00
2017,7,12/02 - 18/02,4209,104,2.47,73,1.73,285,6.77,90,84.0,,,2017-02-12,2017-02-18,2017-02-15 00:00:00
2017,8,19/02 - 25/02,4321,57,1.32,96,2.22,254,5.88,96,89.0,,,2017-02-19,2017-02-25,2017-02-22 00:00:00
2017,9,26/02 - 04/03,4103,71,1.73,95,2.32,257,6.26,94,89.0,,,2017-02-26,2017-03-04,2017-03-01 00:00:00
2017,10,05/03 - 11/03,4222,102,2.42,87,2.06,297,7.03,94,89.0,,,2017-03-05,2017-03-11,2017-03-08 00:00:00
2017,11,12/03 - 18/03,4167,76,1.82,96,2.3,291,6.98,83,78.0,,,2017-03-12,2017-03-18,2017-03-15 00:00:00
2017,12,19/03 - 25/03,4095,82,2.0,79,1.93,256,6.25,100,90.0,,,2017-03-19,2017-03-25,2017-03-22 00:00:00
2017,13,26/03 - 01/04,4116,82,1.99,84,2.04,290,7.05,92,85.0,,,2017-03-26,2017-04-01,2017-03-29 00:00:00
2017,14,02/04 - 08/04,4084,114,2.79,97,2.38,324,7.93,100,95.0,,,2017-04-02,2017-04-08,2017-04-05 00:00:00
2017,15,09/04 - 15/04,3202,83,2.59,63,1.97,221,6.9,79,73.0,,,2017-04-09,2017-04-15,2017-04-12 00:00:00
2017,16,16/04 - 22/04,4951,162,3.27,130,2.63,421,8.5,104,101.0,,,2017-04-16,2017-04-22,2017-04-19 00:00:00
2017,17,23/04 - 29/04,3948,130,3.29,98,2.48,294,7.45,84,77.0,,,2017-04-23,2017-04-29,2017-04-26 00:00:00
2017,18,30/04 - 06/05,4121,126,3.06,77,1.87,334,8.1,92,83.0,,,2017-04-30,2017-05-06,2017-05-03 00:00:00
2017,19,07/05 - 13/05,4157,124,2.98,81,1.95,374,9.0,93,86.0,,,2017-05-07,2017-05-13,2017-05-10 00:00:00
2017,20,14/05 - 20/05,4366,125,2.86,89,2.04,420,9.62,82,73.0,,,2017-05-14,2017-05-20,2017-05-17 00:00:00
2017,21,21/05 - 27/05,4412,112,2.54,68,1.54,499,11.31,96,84.0,,,2017-05-21,2017-05-27,2017-05-24 00:00:00
2017,22,28/05 - 03/06,4691,142,3.03,65,1.39,507,10.81,89,75.0,,,2017-05-28,2017-06-03,2017-05-31 00:00:00
2017,23,04/06 - 10/06,4456,137,3.07,61,1.37,463,10.39,83,68.0,,,2017-06-04,2017-06-10,2017-06-07 00:00:00
2017,24,11/06 - 17/06,4429,142,3.21,81,1.83,413,9.32,105,76.0,,,2017-06-11,2017-06-17,2017-06-14 00:00:00
2017,25,18/06 - 24/06,4441,134,3.02,79,1.78,332,7.48,92,60.0,,,2017-06-18,2017-06-24,2017-06-21 00:00:00
2017,26,25/06 - 01/07,4883,180,3.69,113,2.31,392,8.03,79,44.0,,,2017-06-25,2017-07-01,2017-06-28 00:00:00
2017,27,02/07 - 08/07,6153,200,3.25,167,2.71,477,7.75,108,57.0,,,2017-07-02,2017-07-08,2017-07-05 00:00:00
2017,28,09/07 - 15/07,6753,154,2.28,201,2.98,459,6.8,98,50.0,,,2017-07-09,2017-07-15,2017-07-12 00:00:00
2017,29,16/07 - 22/07,6839,152,2.22,271,3.96,380,5.56,88,51.0,,,2017-07-16,2017-07-22,2017-07-19 00:00:00
2017,30,23/07 - 29/07,6791,142,2.09,301,4.43,311,4.58,96,62.0,,,2017-07-23,2017-07-29,2017-07-26 00:00:00
2017,31,30/07 - 05/08,5742,91,1.58,299,5.21,294,5.12,93,62.0,,,2017-07-30,2017-08-05,2017-08-02 00:00:00
2017,32,06/08 - 12/08,5099,116,2.27,358,7.02,203,3.98,89,42.0,,,2017-08-06,2017-08-12,2017-08-09 00:00:00
2017,33,13/08 - 19/08,4590,78,1.7,341,7.43,194,4.23,94,59.0,,,2017-08-13,2017-08-19,2017-08-16 00:00:00
2017,34,20/08 - 26/08,4214,68,1.61,395,9.37,206,4.89,103,59.0,,,2017-08-20,2017-08-26,2017-08-23 00:00:00
2017,35,27/08 - 02/09,3835,79,2.06,323,8.42,220,5.74,87,68.0,,,2017-08-27,2017-09-02,2017-08-30 00:00:00
2017,36,03/09 - 09/09,3774,56,1.48,375,9.94,252,6.68,89,76.0,,,2017-09-03,2017-09-09,2017-09-06 00:00:00
2017,37,10/09 - 16/09,4046,58,1.43,401,9.91,363,8.97,95,78.0,,,2017-09-10,2017-09-16,2017-09-13 00:00:00
2017,38,17/09 - 23/09,4123,75,1.82,337,8.17,502,12.18,100,96.0,,,2017-09-17,2017-09-23,2017-09-20 00:00:00
2017,39,24/09 - 30/09,3898,61,1.56,329,8.44,487,12.49,94,91.0,,,2017-09-24,2017-09-30,2017-09-27 00:00:00
2017,40,01/10 - 07/10,3560,79,2.22,282,7.92,492,13.82,95,81.0,,,2017-10-01,2017-10-07,2017-10-04 00:00:00
2017,41,08/10 - 14/10,3838,87,2.27,259,6.75,482,12.56,82,73.0,,,2017-10-08,2017-10-14,2017-10-11 00:00:00
2017,42,15/10 - 21/10,3653,98,2.68,206,5.64,444,12.15,102,90.0,,,2017-10-15,2017-10-21,2017-10-18 00:00:00
2017,43,22/10 - 28/10,3348,108,3.23,120,3.58,436,13.02,90,77.0,,,2017-10-22,2017-10-28,2017-10-25 00:00:00
2017,44,29/10 - 04/11,4171,107,2.57,91,2.18,476,11.41,103,91.0,,,2017-10-29,2017-11-04,2017-11-01 00:00:00
2017,45,05/11 - 11/11,3891,95,2.44,74,1.9,448,11.51,81,72.0,,,2017-11-05,2017-11-11,2017-11-08 00:00:00
2017,46,12/11 - 18/11,3780,95,2.51,37,0.98,404,10.69,103,95.0,,,2017-11-12,2017-11-18,2017-11-15 00:00:00
2017,47,19/11 - 25/11,3667,93,2.54,30,0.82,398,10.85,101,95.0,,,2017-11-19,2017-11-25,2017-11-22 00:00:00
2017,48,26/11 - 02/12,3792,94,2.48,26,0.69,370,9.76,95,89.0,,,2017-11-26,2017-12-02,2017-11-29 00:00:00
2017,49,03/12 - 09/12,3882,98,2.52,33,0.85,413,10.64,102,99.0,,,2017-12-03,2017-12-09,2017-12-06 00:00:00
2017,50,10/12 - 16/12,4094,73,1.78,17,0.42,437,10.67,104,104.0,,,2017-12-10,2017-12-16,2017-12-13 00:00:00
2017,51,17/12 - 23/12,4085,75,1.84,24,0.59,405,9.91,100,96.0,,,2017-12-17,2017-12-23,2017-12-20 00:00:00
2017,52,24/12 - 30/12,4518,105,2.32,20,0.44,418,9.25,109,107.0,,,2017-12-24,2017-12-30,2017-12-27 00:00:00
2018,1,31/12/2017 - 06/01,4692,90,1.92,28,0.6,34,0.72,411,8.76,,,2017-12-31,2018-01-06,2018-01-03 00:00:00
2018,2,07/01 - 13/01,5105,98,1.92,18,0.35,27,0.53,389,7.62,,,2018-01-07,2018-01-13,2018-01-10 00:00:00
2018,3,14/01 - 20/01,7176,102,1.42,29,0.4,52,0.72,461,6.42,,,2018-01-14,2018-01-20,2018-01-17 00:00:00
2018,4,21/01 - 27/01,7562,81,1.07,45,0.6,72,0.95,468,6.19,,,2018-01-21,2018-01-27,2018-01-24 00:00:00
2018,5,28/01 - 03/02,7399,97,1.31,68,0.92,62,0.84,456,6.16,,,2018-01-28,2018-02-03,2018-01-31 00:00:00
2018,6,04/02 - 10/02,8350,90,1.08,47,0.56,89,1.07,453,5.43,,,2018-02-04,2018-02-10,2018-02-07 00:00:00
2018,7,11/02 - 17/02,6322,47,0.74,35,0.55,81,1.28,296,4.68,,,2018-02-11,2018-02-17,2018-02-14 00:00:00
2018,8,18/02 - 24/02,9638,93,0.96,57,0.59,119,1.23,491,5.09,,,2018-02-18,2018-02-24,2018-02-21 00:00:00
2018,9,25/02 - 03/03,7363,82,1.11,66,0.9,138,1.87,365,4.96,,,2018-02-25,2018-03-03,2018-02-28 00:00:00
2018,10,04/03 - 10/03,6375,83,1.3,87,1.36,135,2.12,338,5.3,,,2018-03-04,2018-03-10,2018-03-07 00:00:00
2018,11,11/03 - 17/03,5655,52,0.92,82,1.45,198,3.5,366,6.47,,,2018-03-11,2018-03-17,2018-03-14 00:00:00
2018,12,18/03 - 24/03,5426,58,1.07,107,1.97,184,3.39,460,8.48,,,2018-03-18,2018-03-24,2018-03-21 00:00:00
2018,13,25/03 - 31/03,3988,42,1.05,61,1.53,133,3.34,444,11.13,,,2018-03-25,2018-03-31,2018-03-28 00:00:00
2018,14,01/04 - 07/04,5831,72,1.23,93,1.59,247,4.24,654,11.22,,,2018-04-01,2018-04-07,2018-04-04 00:00:00
2018,15,08/04 - 14/04,4503,48,1.07,71,1.58,185,4.11,524,11.64,,,2018-04-08,2018-04-14,2018-04-11 00:00:00
2018,16,15/04 - 21/04,4308,55,1.28,67,1.56,177,4.11,461,10.7,,,2018-04-15,2018-04-21,2018-04-18 00:00:00
2018,17,22/04 - 28/04,4348,48,1.1,59,1.36,167,3.84,509,11.71,,,2018-04-22,2018-04-28,2018-04-25 00:00:00
2018,18,29/04 - 05/05,4334,51,1.18,61,1.41,208,4.8,564,13.01,,,2018-04-29,2018-05-05,2018-05-02 00:00:00
2018,19,06/05 - 12/05,4205,60,1.43,71,1.69,227,5.4,502,11.94,,,2018-05-06,2018-05-12,2018-05-09 00:00:00
2018,20,13/05 - 19/05,4329,46,1.06,88,2.03,248,5.73,526,12.15,,,2018-05-13,2018-05-19,2018-05-16 00:00:00
2018,21,20/05 - 26/05,4229,44,1.04,84,1.99,272,6.43,489,11.56,,,2018-05-20,2018-05-26,2018-05-23 00:00:00
2018,22,27/05 - 02/06,4201,44,1.05,141,3.36,269,6.4,456,10.85,,,2018-05-27,2018-06-02,2018-05-30 00:00:00
2018,23,03/06 - 09/06,4004,39,0.97,114,2.85,211,5.27,383,9.57,,,2018-06-03,2018-06-09,2018-06-06 00:00:00
2018,24,10/06 - 16/06,4102,38,0.93,161,3.92,195,4.75,325,7.92,,,2018-06-10,2018-06-16,2018-06-13 00:00:00
2018,25,17/06 - 23/06,3927,35,0.89,125,3.18,222,5.65,324,8.25,,,2018-06-17,2018-06-23,2018-06-20 00:00:00
2018,26,24/06 - 30/06,3985,53,1.33,153,3.84,203,5.09,340,8.53,,,2018-06-24,2018-06-30,2018-06-27 00:00:00
2018,27,01/07 - 07/07,3835,71,1.85,160,4.17,196,5.11,360,9.39,,,2018-07-01,2018-07-07,2018-07-04 00:00:00
2018,28,08/07 - 14/07,3848,54,1.4,207,5.38,176,4.57,342,8.89,,,2018-07-08,2018-07-14,2018-07-11 00:00:00
2018,29,15/07 - 21/07,4238,61,1.44,222,5.24,154,3.63,430,10.15,,,2018-07-15,2018-07-21,2018-07-18 00:00:00
2018,30,22/07 - 28/07,4801,43,1.05,197,4.83,144,3.53,317,7.77,,,2018-07-22,2018-07-28,2018-07-25 00:00:00
2018,31,29/07 - 04/08,4077,43,1.05,213,5.22,120,2.94,285,6.99,,,2018-07-29,2018-08-04,2018-08-01 00:00:00
2018,32,05/08 - 11/08,4183,46,1.1,236,5.64,118,2.82,249,5.95,,,2018-08-05,2018-08-11,2018-08-08 00:00:00
2018,33,12/08 - 18/08,4149,34,0.82,227,5.47,104,2.51,241,5.81,,,2018-08-12,2018-08-18,2018-08-15 00:00:00
2018,34,19/08 - 25/08,4190,42,1.0,258,6.16,93,2.22,247,5.89,,,2018-08-19,2018-08-25,2018-08-22 00:00:00
2018,35,26/08 - 01/09,4245,55,1.3,250,5.89,83,1.96,245,5.77,,,2018-08-26,2018-09-01,2018-08-29 00:00:00
2018,36,02/09 - 08/09,4207,57,1.35,236,5.61,50,1.19,270,6.42,,,2018-09-02,2018-09-08,2018-09-05 00:00:00
2018,37,09/09 - 15/09,4321,58,1.34,229,5.3,49,1.13,426,9.86,,,2018-09-09,2018-09-15,2018-09-12 00:00:00
2018,38,16/09 - 22/09,3991,46,1.15,206,5.16,32,0.8,456,11.43,,,2018-09-16,2018-09-22,2018-09-19 00:00:00
2018,39,23/09 - 29/09,4083,46,1.13,205,5.02,39,0.96,455,11.14,,,2018-09-23,2018-09-29,2018-09-26 00:00:00
2018,40,30/09 - 06/10,4200,66,1.57,194,4.62,36,0.86,498,11.86,,,2018-09-30,2018-10-06,2018-10-03 00:00:00
2018,41,07/10 - 13/10,4299,61,1.42,126,2.93,27,0.63,521,12.12,,,2018-10-07,2018-10-13,2018-10-10 00:00:00
2018,42,14/10 - 20/10,4006,52,1.3,101,2.52,18,0.45,484,12.08,,,2018-10-14,2018-10-20,2018-10-17 00:00:00
2018,43,21/10 - 27/10,4256,53,1.25,102,2.4,23,0.54,547,12.85,,,2018-10-21,2018-10-27,2018-10-24 00:00:00
2018,44,28/10 - 03/11,4449,71,1.6,83,1.87,38,0.85,546,12.27,,,2018-10-28,2018-11-03,2018-10-31 00:00:00
2018,45,04/11 - 10/11,4562,76,1.67,69,1.51,30,0.66,573,12.56,,,2018-11-04,2018-11-10,2018-11-07 00:00:00
2018,46,11/11 - 17/11,4513,67,1.48,62,1.37,14,0.31,553,12.25,,,2018-11-11,2018-11-17,2018-11-14 00:00:00
2018,47,18/11 - 24/11,4522,81,1.79,57,1.26,16,0.35,551,12.18,,,2018-11-18,2018-11-24,2018-11-21 00:00:00
2018,48,25/11 - 01/12,4585,61,1.33,57,1.24,15,0.33,607,13.24,,,2018-11-25,2018-12-01,2018-11-28 00:00:00
2018,49,02/12 - 08/12,5265,91,1.73,65,1.23,22,0.42,710,13.49,,,2018-12-02,2018-12-08,2018-12-05 00:00:00
2018,50,09/12 - 15/12,4934,81,1.64,73,1.48,28,0.57,616,12.48,,,2018-12-09,2018-12-15,2018-12-12 00:00:00
2018,51,16/12 - 22/12,5673,77,1.36,82,1.45,32,0.56,621,10.95,,,2018-12-16,2018-12-22,2018-12-19 00:00:00
2018,52,23/12 - 29/12,5541,80,1.44,101,1.82,36,0.65,599,10.81,,,2018-12-23,2018-12-29,2018-12-26 00:00:00
2019,1,30/12/2018 - 05/01,6055,81,1.34,113,1.87,49,0.81,519,8.57,,,2018-12-30,2019-01-05,2019-01-02 00:00:00
2019,2,06/01 - 12/01,7326,109,1.49,141,1.92,75,1.02,581,7.93,,,2019-01-06,2019-01-12,2019-01-09 00:00:00
2019,3,13/01 - 19/01,7707,99,1.28,211,2.74,64,0.83,633,8.21,,,2019-01-13,2019-01-19,2019-01-16 00:00:00
2019,4,20/01 - 26/01,7826,98,1.25,212,2.71,94,1.2,702,8.97,,,2019-01-20,2019-01-26,2019-01-23 00:00:00
2019,5,27/01 - 02/02,7095,83,1.17,207,2.92,83,1.17,602,8.48,,,2019-01-27,2019-02-02,2019-01-30 00:00:00
2019,6,03/02 - 09/02,6073,52,0.86,126,2.07,97,1.6,492,8.1,,,2019-02-03,2019-02-09,2019-02-06 00:00:00
2019,7,10/02 - 16/02,6374,77,1.21,138,2.17,133,2.09,464,7.28,,,2019-02-10,2019-02-16,2019-02-13 00:00:00
2019,8,17/02 - 23/02,6243,75,1.2,188,3.01,142,2.27,433,6.94,,,2019-02-17,2019-02-23,2019-02-20 00:00:00
2019,9,24/02 - 02/03,6164,59,0.96,146,2.37,166,2.69,449,7.28,,,2019-02-24,2019-03-02,2019-02-27 00:00:00
2019,10,03/03 - 09/03,5973,79,1.32,175,2.93,232,3.88,509,8.52,,,2019-03-03,2019-03-09,2019-03-06 00:00:00
2019,11,10/03 - 16/03,5964,63,1.06,173,2.9,245,4.11,627,10.51,,,2019-03-10,2019-03-16,2019-03-13 00:00:00
2019,12,17/03 - 23/03,6475,76,1.17,181,2.8,312,4.82,674,10.41,,,2019-03-17,2019-03-23,2019-03-20 00:00:00
2019,13,24/03 - 30/03,6117,70,1.14,157,2.57,315,5.15,694,11.35,,,2019-03-24,2019-03-30,2019-03-27 00:00:00
2019,14,31/03 - 06/04,5410,75,1.39,154,2.85,290,5.36,660,12.2,,,2019-03-31,2019-04-06,2019-04-03 00:00:00
2019,15,07/04 - 13/04,6209,83,1.34,123,1.98,358,5.77,666,10.73,,,2019-04-07,2019-04-13,2019-04-10 00:00:00
2019,16,14/04 - 20/04,4306,60,1.39,123,2.86,236,5.48,551,12.8,,,2019-04-14,2019-04-20,2019-04-17 00:00:00
2019,17,21/04 - 27/04,6579,81,1.23,159,2.42,366,5.56,684,10.4,,,2019-04-21,2019-04-27,2019-04-24 00:00:00
2019,18,28/04 - 04/05,5439,77,1.42,119,2.19,261,4.8,502,9.23,,,2019-04-28,2019-05-04,2019-05-01 00:00:00
2019,19,05/05 - 11/05,5433,74,1.36,95,1.75,277,5.1,531,9.77,,,2019-05-05,2019-05-11,2019-05-08 00:00:00
2019,20,12/05 - 18/05,5508,97,1.76,91,1.65,232,4.21,520,9.44,,,2019-05-12,2019-05-18,2019-05-15 00:00:00
2019,21,19/05 - 25/05,5585,79,1.41,106,1.9,239,4.28,559,10.01,,,2019-05-19,2019-05-25,2019-05-22 00:00:00
2019,22,26/05 - 01/06,5059,79,1.56,79,1.56,228,4.51,536,10.59,,,2019-05-26,2019-06-01,2019-05-29 00:00:00
2019,23,02/06 - 08/06,4818,54,1.12,77,1.6,167,3.47,451,9.36,,,2019-06-02,2019-06-08,2019-06-05 00:00:00
2019,24,09/06 - 15/06,5527,76,1.38,87,1.57,189,3.42,519,9.39,,,2019-06-09,2019-06-15,2019-06-12 00:00:00
2019,25,16/06 - 22/06,5401,85,1.57,86,1.59,152,2.81,468,8.67,,,2019-06-16,2019-06-22,2019-06-19 00:00:00
2019,26,23/06 - 29/06,5262,95,1.81,109,2.07,168,3.19,462,8.78,,,2019-06-23,2019-06-29,2019-06-26 00:00:00
2019,27,30/06 - 06/07,4800,100,2.08,79,1.65,119,2.48,390,8.13,,,2019-06-30,2019-07-06,2019-07-03 00:00:00
2019,28,07/07 - 13/07,5033,141,2.8,125,2.48,112,2.23,397,7.89,,,2019-07-07,2019-07-13,2019-07-10 00:00:00
2019,29,14/07 - 20/07,5210,119,2.28,149,2.86,89,1.71,432,8.29,,,2019-07-14,2019-07-20,2019-07-17 00:00:00
2019,30,21/07 - 27/07,4746,105,2.21,130,2.74,89,1.88,322,6.78,,,2019-07-21,2019-07-27,2019-07-24 00:00:00
2019,31,28/07 - 03/08,4508,113,2.51,140,3.11,56,1.24,287,6.37,,,2019-07-28,2019-08-03,2019-07-31 00:00:00
2019,32,04/08 - 10/08,4721,122,2.58,146,3.09,43,0.91,259,5.49,,,2019-08-04,2019-08-10,2019-08-07 00:00:00
2019,33,11/08 - 17/08,4686,73,1.56,142,3.03,42,0.9,276,5.89,,,2019-08-11,2019-08-17,2019-08-14 00:00:00
2019,34,18/08 - 24/08,4462,99,2.22,133,2.98,36,0.81,302,6.77,,,2019-08-18,2019-08-24,2019-08-21 00:00:00
2019,35,25/08 - 31/08,4370,72,1.65,139,3.18,27,0.62,247,5.65,,,2019-08-25,2019-08-31,2019-08-28 00:00:00
2019,36,01/09 - 07/09,4297,84,1.95,136,3.16,25,0.58,281,6.54,,,2019-09-01,2019-09-07,2019-09-04 00:00:00
2019,37,08/09 - 14/09,4127,64,1.55,136,3.3,18,0.44,302,7.32,,,2019-09-08,2019-09-14,2019-09-11 00:00:00
2019,38,15/09 - 21/09,5345,109,2.04,202,3.78,33,0.62,549,10.27,,,2019-09-15,2019-09-21,2019-09-18 00:00:00
2019,39,22/09 - 28/09,4904,70,1.43,140,2.85,16,0.33,553,11.28,,,2019-09-22,2019-09-28,2019-09-25 00:00:00
2019,40,29/09 - 05/10,4798,103,2.15,92,1.92,19,0.4,512,10.67,,,2019-09-29,2019-10-05,2019-10-02 00:00:00
2019,41,06/10 - 12/10,4317,77,1.78,62,1.44,7,0.16,454,10.52,,,2019-10-06,2019-10-12,2019-10-09 00:00:00
2019,42,13/10 - 19/10,4294,73,1.7,72,1.68,12,0.28,367,8.55,,,2019-10-13,2019-10-19,2019-10-16 00:00:00
2019,43,20/10 - 26/10,4743,94,1.98,68,1.43,9,0.19,403,8.5,,,2019-10-20,2019-10-26,2019-10-23 00:00:00
2019,44,27/10 - 02/11,4676,94,2.01,60,1.28,14,0.3,374,8.0,,,2019-10-27,2019-11-02,2019-10-30 00:00:00
2019,45,03/11 - 09/11,4784,86,1.8,33,0.69,17,0.36,402,8.4,,,2019-11-03,2019-11-09,2019-11-06 00:00:00
2019,46,10/11 - 16/11,4740,79,1.67,38,0.8,9,0.19,413,8.71,,,2019-11-10,2019-11-16,2019-11-13 00:00:00
2019,47,17/11 - 23/11,4781,78,1.63,19,0.4,6,0.13,376,7.86,,,2019-11-17,2019-11-23,2019-11-20 00:00:00
2019,48,24/11 - 30/11,4794,73,1.52,21,0.44,7,0.15,334,6.97,,,2019-11-24,2019-11-30,2019-11-27 00:00:00
2019,49,01/12 - 07/12,4799,63,1.31,22,0.46,4,0.08,394,8.21,,,2019-12-01,2019-12-07,2019-12-04 00:00:00
2019,50,08/12 - 14/12,5725,70,1.22,18,0.31,10,0.17,405,7.07,,,2019-12-08,2019-12-14,2019-12-11 00:00:00
2019,51,15/12 - 21/12,5974,45,0.75,19,0.32,4,0.07,453,7.58,,,2019-12-15,2019-12-21,2019-12-18 00:00:00
2019,52,22/12 - 28/12,5366,56,1.04,20,0.37,4,0.07,412,7.68,,,2019-12-22,2019-12-28,2019-12-25 00:00:00
2020,1,29/12/2019 - 04/01,,5711,43.0,,47.0,,13.0,,337.0,,,2019-12-29,2020-01-04,2020-01-01 00:00:00
2020,2,05/01 - 11/01,,6893,96.0,,68.0,,27.0,,431.0,,,2020-01-05,2020-01-11,2020-01-08 00:00:00
2020,3,12/01 - 18/01,,6342,103.0,,77.0,,20.0,,495.0,,,2020-01-12,2020-01-18,2020-01-15 00:00:00
2020,4,19/01 - 25/01,,6294,96.0,,85.0,,47.0,,476.0,,,2020-01-19,2020-01-25,2020-01-22 00:00:00
2020,5,26/01 - 01/02,,7076,77.0,,120.0,,42.0,,463.0,,,2020-01-26,2020-02-01,2020-01-29 00:00:00
2020,6,02/02 - 08/02,,5650,74.0,,70.0,,28.0,,241.0,,,2020-02-02,2020-02-08,2020-02-05 00:00:00
2020,7,09/02 - 15/02,,4965,57.0,,35.0,,16.0,,127.0,,,2020-02-09,2020-02-15,2020-02-12 00:00:00
2020,8,16/02 - 22/02,,299,12.0,,12.0,,3.0,,39.0,,,2020-02-16,2020-02-22,2020-02-19 00:00:00
2020,9,23/02 - 29/02,,318,13.0,,3.0,,3.0,,26.0,,,2020-02-23,2020-02-29,2020-02-26 00:00:00
2020,10,01/03 - 07/03,,279,11.0,,5.0,,1.0,,20.0,,,2020-03-01,2020-03-07,2020-03-04 00:00:00
2020,11,08/03 - 14/03,,321,16.0,,4.0,,3.0,,27.0,,,2020-03-08,2020-03-14,2020-03-11 00:00:00
2020,12,15/03 - 21/03,,424,18.0,,6.0,,4.0,,55.0,,,2020-03-15,2020-03-21,2020-03-18 00:00:00
2020,13,22/03 - 28/03,,359,14.0,,7.0,,2.0,,32.0,,,2020-03-22,2020-03-28,2020-03-25 00:00:00
2020,14,29/03 - 04/04,,243,9.0,,2.0,,0.0,,10.0,,,2020-03-29,2020-04-04,2020-04-01 00:00:00
2020,15,05/04 - 11/04,,227,8.0,,2.0,,0.0,,14.0,,,2020-04-05,2020-04-11,2020-04-08 00:00:00
2020,16,12/04 - 18/04,,236,10.0,,1.0,,1.0,,7.0,,,2020-04-12,2020-04-18,2020-04-15 00:00:00
2020,17,19/04 - 25/04,,243,6.0,,4.0,,1.0,,7.0,,,2020-04-19,2020-04-25,2020-04-22 00:00:00
2020,18,26/04 - 02/05,,278,7.0,,0.0,,0.0,,8.0,,,2020-04-26,2020-05-02,2020-04-29 00:00:00
2020,19,03/05 - 09/05,,241,9.0,,0.0,,0.0,,2.0,,,2020-05-03,2020-05-09,2020-05-06 00:00:00
2020,20,10/05 - 16/05,,316,6.0,,1.0,,0.0,,5.0,,,2020-05-10,2020-05-16,2020-05-13 00:00:00
2020,21,17/05 - 23/05,,319,11.0,,0.0,,0.0,,10.0,,,2020-05-17,2020-05-23,2020-05-20 00:00:00
2020,22,24/05 - 30/05,,292,4.0,,1.0,,0.0,,5.0,,,2020-05-24,2020-05-30,2020-05-27 00:00:00
2020,23,31/05 - 06/06,,345,6.0,,1.0,,0.0,,8.0,,,2020-05-31,2020-06-06,2020-06-03 00:00:00
2020,24,07/06 - 13/06,,341,7.0,,0.0,,0.0,,10.0,,,2020-06-07,2020-06-13,2020-06-10 00:00:00
2020,25,14/06 - 20/06,,341,7.0,,0.0,,0.0,,15.0,,,2020-06-14,2020-06-20,2020-06-17 00:00:00
2020,26,21/06 - 27/06,,342,8.0,,0.0,,0.0,,9.0,,,2020-06-21,2020-06-27,2020-06-24 00:00:00
2020,27,28/06 - 04/07,,323,7.0,,1.0,,0.0,,14.0,,,2020-06-28,2020-07-04,2020-07-01 00:00:00
2020,28,05/07 - 11/07,,380,10.0,,1.0,,0.0,,17.0,,,2020-07-05,2020-07-11,2020-07-08 00:00:00
2020,29,12/07 - 18/07,,369,4.0,,0.0,,0.0,,13.0,,,2020-07-12,2020-07-18,2020-07-15 00:00:00
2020,30,19/07 - 25/07,,309,3.0,,1.0,,0.0,,6.0,,,2020-07-19,2020-07-25,2020-07-22 00:00:00
2020,31,26/07 - 01/08,,297,4.0,,1.0,,0.0,,3.0,,,2020-07-26,2020-08-01,2020-07-29 00:00:00
2020,32,02/08 - 08/08,,259,3.0,,0.0,,0.0,,4.0,,,2020-08-02,2020-08-08,2020-08-05 00:00:00
2020,33,09/08 - 15/08,,269,6.0,,1.0,,0.0,,6.0,,,2020-08-09,2020-08-15,2020-08-12 00:00:00
2020,34,16/08 - 22/08,,269,6.0,,1.0,,0.0,,6.0,,,2020-08-16,2020-08-22,2020-08-19 00:00:00
2020,35,23/08 - 29/08,,294,4.0,,5.0,,0.0,,3.0,,,2020-08-23,2020-08-29,2020-08-26 00:00:00
2020,36,30/08 - 05/09,,258,4.0,,1.0,,0.0,,8.0,,,2020-08-30,2020-09-05,2020-09-02 00:00:00
2020,37,06/09 - 12/09,,295,2.0,,3.0,,0.0,,7.0,,,2020-09-06,2020-09-12,2020-09-09 00:00:00
2020,38,13/09 - 19/09,,327,4.0,,6.0,,0.0,,15.0,,,2020-09-13,2020-09-19,2020-09-16 00:00:00
2020,39,20/09 - 26/09,,351,8.0,,6.0,,0.0,,18.0,,,2020-09-20,2020-09-26,2020-09-23 00:00:00
2020,40,27/09 - 03/10,,340,5.0,,4.0,,1.0,,8.0,,,2020-09-27,2020-10-03,2020-09-30 00:00:00
2020,41,04/10 - 10/10,,363,6.0,,4.0,,0.0,,10.0,,,2020-10-04,2020-10-10,2020-10-07 00:00:00
2020,42,11/10 - 17/10,,338,9.0,,6.0,,0.0,,19.0,,,2020-10-11,2020-10-17,2020-10-14 00:00:00
2020,43,18/10 - 24/10,,406,6.0,,5.0,,0.0,,45.0,,,2020-10-18,2020-10-24,2020-10-21 00:00:00
2020,44,25/10 - 31/10,,426,10.0,,0.0,,0.0,,89.0,,,2020-10-25,2020-10-31,2020-10-28 00:00:00
2020,45,01/11 - 07/11,,469,10.0,,2.0,,0.0,,147.0,,,2020-11-01,2020-11-07,2020-11-04 00:00:00
2020,46,08/11 - 14/11,,548,8.0,,1.0,,0.0,,258.0,,,2020-11-08,2020-11-14,2020-11-11 00:00:00
2020,47,15/11 - 21/11,,523,3.0,,2.0,,0.0,,260.0,,,2020-11-15,2020-11-21,2020-11-18 00:00:00
2020,48,22/11 - 28/11,,481,8.0,,0.0,,0.0,,178.0,,,2020-11-22,2020-11-28,2020-11-25 00:00:00
2020,49,29/11 - 05/12,,392,5.0,,0.0,,1.0,,78.0,,,2020-11-29,2020-12-05,2020-12-02 00:00:00
2020,50,06/12 - 12/12,,332,0.0,,1.0,,1.0,,57.0,,,2020-12-06,2020-12-12,2020-12-09 00:00:00
2020,51,13/12 - 19/12,,305,3.0,,0.0,,0.0,,29.0,,,2020-12-13,2020-12-19,2020-12-16 00:00:00
2020,52,20/12 - 26/12,,336,6.0,,0.0,,0.0,,13.0,,,2020-12-20,2020-12-26,2020-12-23 00:00:00
2021,1,27/12/2020 - 02/01,,368,11.0,,1.0,,0.0,,26.0,,,2020-12-27,2021-01-02,2020-12-30 00:00:00
2021,2,03/01 - 09/01,,313,8.0,,1.0,,0.0,,10.0,,,2021-01-03,2021-01-09,2021-01-06 00:00:00
2021,3,10/01 - 16/01,,347,5.0,,0.0,,0.0,,12.0,,,2021-01-10,2021-01-16,2021-01-13 00:00:00
2021,4,17/01 - 23/01,,407,6.0,,0.0,,0.0,,13.0,,,2021-01-17,2021-01-23,2021-01-20 00:00:00
2021,5,24/01 - 30/01,,424,10.0,,0.0,,2.0,,15.0,,,2021-01-24,2021-01-30,2021-01-27 00:00:00
2021,6,31/01 - 06/02,,349,7.0,,0.0,,2.0,,11.0,,,2021-01-31,2021-02-06,2021-02-03 00:00:00
2021,7,07/02 - 13/02,,380,10.0,,1.0,,3.0,,17.0,,,2021-02-07,2021-02-13,2021-02-10 00:00:00
2021,8,14/02 - 20/02,,430,10.0,,2.0,,0.0,,23.0,,,2021-02-14,2021-02-20,2021-02-17 00:00:00
2021,9,21/02 - 27/02,,423,5.0,,0.0,,1.0,,16.0,,,2021-02-21,2021-02-27,2021-02-24 00:00:00
2021,10,28/02 - 06/03,,403,5.0,,0.0,,0.0,,17.0,,,2021-02-28,2021-03-06,2021-03-03 00:00:00
2021,11,07/03 - 13/03,,429,7.0,,1.0,,0.0,,27.0,,,2021-03-07,2021-03-13,2021-03-10 00:00:00
2021,12,14/03 - 20/03,,435,8.0,,0.0,,0.0,,44.0,,,2021-03-14,2021-03-20,2021-03-17 00:00:00
2021,13,21/03 - 27/03,,417,8.0,,0.0,,0.0,,44.0,,,2021-03-21,2021-03-27,2021-03-24 00:00:00
2021,14,28/03 - 03/04,,506,9.0,,0.0,,0.0,,75.0,,,2021-03-28,2021-04-03,2021-03-31 00:00:00
2021,15,04/04 - 10/04,,459,4.0,,1.0,,1.0,,55.0,,,2021-04-04,2021-04-10,2021-04-07 00:00:00
2021,16,11/04 - 17/04,,489,11.0,,0.0,,3.0,,50.0,,,2021-04-11,2021-04-17,2021-04-14 00:00:00
2021,17,18/04 - 24/04,,401,5.0,,1.0,,2.0,,65.0,,,2021-04-18,2021-04-24,2021-04-21 00:00:00
2021,18,25/04 - 01/05,,300,7.0,,1.0,,1.0,,70.0,,,2021-04-25,2021-05-01,2021-04-28 00:00:00
2021,19,02/05 - 08/05,,279,2.0,,0.0,,0.0,,70.0,,,2021-05-02,2021-05-08,2021-05-05 00:00:00
2021,20,09/05 - 15/05,,257,3.0,,0.0,,0.0,,66.0,,,2021-05-09,2021-05-15,2021-05-12 00:00:00
2021,21,16/05 - 22/05,,174,4.0,,0.0,,0.0,,52.0,,,2021-05-16,2021-05-22,2021-05-19 00:00:00
2021,22,23/05 - 29/05,,154,1.0,,1.0,,0.0,,34.0,,,2021-05-23,2021-05-29,2021-05-26 00:00:00
2021,23,30/05 - 05/06,,152,4.0,,0.0,,1.0,,31.0,,,2021-05-30,2021-06-05,2021-06-02 00:00:00
2021,24,06/06 - 12/06,,135,2.0,,1.0,,0.0,,24.0,,,2021-06-06,2021-06-12,2021-06-09 00:00:00
2021,25,13/06 - 19/06,,131,3.0,,2.0,,0.0,,39.0,,,2021-06-13,2021-06-19,2021-06-16 00:00:00
2021,26,20/06 - 26/06,,142,3.0,,1.0,,0.0,,31.0,,,2021-06-20,2021-06-26,2021-06-23 00:00:00
2021,27,27/06 - 03/07,,146,7.0,,0.0,,0.0,,28.0,,,2021-06-27,2021-07-03,2021-06-30 00:00:00
2021,28,04/07 - 10/07,,153,8.0,,1.0,,0.0,,25.0,,,2021-07-04,2021-07-10,2021-07-07 00:00:00
2021,29,11/07 - 17/07,,136,3.0,,0.0,,0.0,,33.0,,,2021-07-11,2021-07-17,2021-07-14 00:00:00
2021,30,18/07 - 24/07,,155,2.0,,1.0,,0.0,,24.0,,,2021-07-18,2021-07-24,2021-07-21 00:00:00
2021,31,25/07 - 31/07,,160,4.0,,1.0,,0.0,,27.0,,,2021-07-25,2021-07-31,2021-07-28 00:00:00
2021,32,01/08 - 07/08,,135,3.0,,2.0,,0.0,,11.0,,,2021-08-01,2021-08-07,2021-08-04 00:00:00
2021,33,08/08 - 14/08,,154,5.0,,2.0,,0.0,,12.0,,,2021-08-08,2021-08-14,2021-08-11 00:00:00
2021,34,15/08 - 21/08,,144,6.0,,3.0,,0.0,,17.0,,,2021-08-15,2021-08-21,2021-08-18 00:00:00
2021,35,22/08 - 28/08,,155,0.0,,3.0,,0.0,,22.0,,,2021-08-22,2021-08-28,2021-08-25 00:00:00
2021,36,29/08 - 04/09,,150,8.0,,6.0,,0.0,,26.0,,,2021-08-29,2021-09-04,2021-09-01 00:00:00
2021,37,05/09 - 11/09,,181,2.0,,1.0,,0.0,,25.0,,,2021-09-05,2021-09-11,2021-09-08 00:00:00
2021,38,12/09 - 18/09,,203,4.0,,2.0,,0.0,,39.0,,,2021-09-12,2021-09-18,2021-09-15 00:00:00
2021,39,19/09 - 25/09,,214,2.0,,2.0,,0.0,,66.0,,,2021-09-19,2021-09-25,2021-09-22 00:00:00
2021,40,26/09 - 02/10,,250,3.0,,9.0,,0.0,,89.0,,,2021-09-26,2021-10-02,2021-09-29 00:00:00
2021,41,03/10 - 09/10,,246,3.0,,9.0,,0.0,,69.0,,,2021-10-03,2021-10-09,2021-10-06 00:00:00
2021,42,10/10 - 16/10,,304,9.0,,7.0,,0.0,,70.0,,,2021-10-10,2021-10-16,2021-10-13 00:00:00
2021,43,17/10 - 23/10,,308,10.0,,13.0,,1.0,,56.0,,,2021-10-17,2021-10-23,2021-10-20 00:00:00
2021,44,24/10 - 30/10,,328,6.0,,9.0,,0.0,,93.0,,,2021-10-24,2021-10-30,2021-10-27 00:00:00
2021,45,31/10 - 06/11,,344,7.0,,10.0,,0.0,,96.0,,,2021-10-31,2021-11-06,2021-11-03 00:00:00
2021,46,07/11 - 13/11,,298,3.0,,11.0,,0.0,,77.0,,,2021-11-07,2021-11-13,2021-11-10 00:00:00
2021,47,14/11 - 20/11,,342,4.0,,12.0,,0.0,,89.0,,,2021-11-14,2021-11-20,2021-11-17 00:00:00
2021,48,21/11 - 27/11,,360,5.0,,23.0,,0.0,,94.0,,,2021-11-21,2021-11-27,2021-11-24 00:00:00
2021,49,28/11 - 04/12,,395,7.0,,30.0,,0.0,,87.0,,,2021-11-28,2021-12-04,2021-12-01 00:00:00
2021,50,05/12 - 11/12,,418,7.0,,37.0,,0.0,,89.0,,,2021-12-05,2021-12-11,2021-12-08 00:00:00
2021,51,12/12 - 18/12,,413,4.0,,32.0,,0.0,,77.0,,,2021-12-12,2021-12-18,2021-12-15 00:00:00
2021,52,19/12 - 25/12,,534,5.0,,66.0,,0.0,,132.0,,,2021-12-19,2021-12-25,2021-12-22 00:00:00
2022,1,26/12/2021 - 01/01,,462,7.0,,50.0,,0.0,,87.0,,,2021-12-26,2022-01-01,2021-12-29 00:00:00
2022,2,02/01 - 08/01,,585,12.0,,34.0,,0.0,,81.0,,,2022-01-02,2022-01-08,2022-01-05 00:00:00
2022,3,09/01 - 15/01,,563,6.0,,41.0,,0.0,,101.0,,,2022-01-09,2022-01-15,2022-01-12 00:00:00
2022,4,16/01 - 22/01,,443,11.0,,35.0,,0.0,,64.0,,,2022-01-16,2022-01-22,2022-01-19 00:00:00
2022,5,23/01 - 29/01,,450,18.0,,22.0,,1.0,,38.0,,,2022-01-23,2022-01-29,2022-01-26 00:00:00
2022,6,30/01 - 05/02,,430,10.0,,16.0,,0.0,,23.0,,,2022-01-30,2022-02-05,2022-02-02 00:00:00
2022,7,06/02 - 12/02,,488,6.0,,12.0,,0.0,,18.0,,,2022-02-06,2022-02-12,2022-02-09 00:00:00
2022,8,13/02 - 19/02,,786,7.0,,3.0,,0.0,,13.0,,,2022-02-13,2022-02-19,2022-02-16 00:00:00
2022,9,20/02 - 26/02,,881,1.0,,1.0,,0.0,,10.0,,,2022-02-20,2022-02-26,2022-02-23 00:00:00
2022,10,27/02 - 05/03,,777,6.0,,2.0,,0.0,,9.0,,,2022-02-27,2022-03-05,2022-03-02 00:00:00
2022,11,06/03 - 12/03,,594,3.0,,0.0,,0.0,,7.0,,,2022-03-06,2022-03-12,2022-03-09 00:00:00
2022,12,13/03 - 19/03,,403,6.0,,0.0,,0.0,,7.0,,,2022-03-13,2022-03-19,2022-03-16 00:00:00
2022,13,20/03 - 26/03,,290,3.0,,0.0,,0.0,,1.0,,,2022-03-20,2022-03-26,2022-03-23 00:00:00
2022,14,27/03 - 02/04,,297,3.0,,0.0,,0.0,,0.0,,,2022-03-27,2022-04-02,2022-03-30 00:00:00
2022,15,03/04 - 09/04,,246,6.0,,0.0,,0.0,,1.0,,,2022-04-03,2022-04-09,2022-04-06 00:00:00
2022,16,10/04 - 16/04,,280,9.0,,0.0,,0.0,,0.0,,,2022-04-10,2022-04-16,2022-04-13 00:00:00
2022,17,17/04 - 23/04,,279,7.0,,1.0,,0.0,,0.0,,,2022-04-17,2022-04-23,2022-04-20 00:00:00
2022,18,24/04 - 30/04,,363,11.0,,0.0,,0.0,,0.0,,,2022-04-24,2022-04-30,2022-04-27 00:00:00
2022,19,01/05 - 07/05,,391,14.0,,0.0,,0.0,,2.0,,,2022-05-01,2022-05-07,2022-05-04 00:00:00
2022,20,08/05 - 14/05,,392,9.0,,1.0,,1.0,,0.0,,,2022-05-08,2022-05-14,2022-05-11 00:00:00
2022,21,15/05 - 21/05,,412,9.0,,2.0,,0.0,,3.0,,,2022-05-15,2022-05-21,2022-05-18 00:00:00
2022,22,22/05 - 28/05,,396,3.0,,0.0,,2.0,,2.0,,,2022-05-22,2022-05-28,2022-05-25 00:00:00
2022,23,29/05 - 04/06,,423,2.0,,2.0,,0.0,,18.0,,,2022-05-29,2022-06-04,2022-06-01 00:00:00
2022,24,05/06 - 11/06,,641,5.0,,0.0,,0.0,,63.0,,,2022-06-05,2022-06-11,2022-06-08 00:00:00
2022,25,12/06 - 18/06,,623,4.0,,2.0,,0.0,,132.0,,,2022-06-12,2022-06-18,2022-06-15 00:00:00
2022,26,19/06 - 25/06,,763,5.0,,0.0,,2.0,,210.0,,,2022-06-19,2022-06-25,2022-06-22 00:00:00
2022,27,26/06 - 02/07,,617,9.0,,0.0,,1.0,,194.0,,,2022-06-26,2022-07-02,2022-06-29 00:00:00
2022,28,03/07 - 09/07,,829,12.0,,3.0,,1.0,,166.0,,,2022-07-03,2022-07-09,2022-07-06 00:00:00
2022,29,10/07 - 16/07,,654,2.0,,0.0,,0.0,,82.0,,,2022-07-10,2022-07-16,2022-07-13 00:00:00
2022,30,17/07 - 23/07,,516,1.0,,0.0,,1.0,,44.0,,,2022-07-17,2022-07-23,2022-07-20 00:00:00
2022,31,24/07 - 30/07,,537,4.0,,1.0,,1.0,,51.0,,,2022-07-24,2022-07-30,2022-07-27 00:00:00
2022,32,31/07 - 06/08,,544,4.0,,0.0,,0.0,,40.0,,,2022-07-31,2022-08-06,2022-08-03 00:00:00
2022,33,07/08 - 13/08,,569,3.0,,0.0,,0.0,,41.0,,,2022-08-07,2022-08-13,2022-08-10 00:00:00
2022,34,14/08 - 20/08,,634,1.0,,2.0,,1.0,,31.0,,,2022-08-14,2022-08-20,2022-08-17 00:00:00
2022,35,21/08 - 27/08,,658,5.0,,1.0,,0.0,,42.0,,,2022-08-21,2022-08-27,2022-08-24 00:00:00
2022,36,28/08 - 03/09,,707,4.0,,1.0,,2.0,,51.0,,,2022-08-28,2022-09-03,2022-08-31 00:00:00
2022,37,04/09 - 10/09,,625,3.0,,0.0,,1.0,,24.0,,,2022-09-04,2022-09-10,2022-09-07 00:00:00
2022,38,11/09 - 17/09,,552,4.0,,0.0,,3.0,,41.0,,,2022-09-11,2022-09-17,2022-09-14 00:00:00
2022,39,18/09 - 24/09,,588,8.0,,2.0,,1.0,,56.0,,,2022-09-18,2022-09-24,2022-09-21 00:00:00
2022,40,25/09 - 01/10,,448,3.0,,2.0,,2.0,,57.0,,,2022-09-25,2022-10-01,2022-09-28 00:00:00
2022,41,02/10 - 08/10,,577,4.0,,2.0,,3.0,,110.0,,,2022-10-02,2022-10-08,2022-10-05 00:00:00
2022,42,09/10 - 15/10,,694,6.0,,2.0,,5.0,,112.0,,,2022-10-09,2022-10-15,2022-10-12 00:00:00
2022,43,16/10 - 22/10,,617,7.0,,3.0,,1.0,,109.0,,,2022-10-16,2022-10-22,2022-10-19 00:00:00
2022,44,23/10 - 29/10,,626,11.0,,3.0,,1.0,,94.0,,,2022-10-23,2022-10-29,2022-10-26 00:00:00
2022,45,30/10 - 05/11,,564,10.0,,7.0,,0.0,,106.0,,,2022-10-30,2022-11-05,2022-11-02 00:00:00
2022,46,06/11 - 12/11,,587,1.0,,10.0,,3.0,,75.0,,,2022-11-06,2022-11-12,2022-11-09 00:00:00
2022,47,13/11 - 19/11,,664,8.0,,19.0,,9.0,,80.0,,,2022-11-13,2022-11-19,2022-11-16 00:00:00
2022,48,20/11 - 26/11,,657,4.0,,27.0,,7.0,,77.0,,,2022-11-20,2022-11-26,2022-11-23 00:00:00
2022,49,27/11 - 03/12,,667,6.0,,33.0,,9.0,,69.0,,,2022-11-27,2022-12-03,2022-11-30 00:00:00
2022,50,04/12 - 10/12,,694,6.0,,46.0,,8.0,,73.0,,,2022-12-04,2022-12-10,2022-12-07 00:00:00
2022,51,11/12 - 17/12,,656,10.0,,66.0,,9.0,,80.0,,,2022-12-11,2022-12-17,2022-12-14 00:00:00
2022,52,18/12 - 24/12,,774,3.0,,61.0,,5.0,,49.0,,,2022-12-18,2022-12-24,2022-12-21 00:00:00
2022,53,25/12 - 31/12,,1460,2.0,,28.0,,2.0,,21.0,,,2022-12-25,2022-12-31,2022-12-28 00:00:00
2023,1,01/01 - 07/01,1724,1,0.06,27,1.57,6,0.35,15,15.0,17.0,0.99,2023-01-01,2023-01-07,2023-01-04 00:00:00
2023,2,08/01 - 14/01,3143,5,0.16,45,1.43,5,0.16,21,21.0,23.0,0.73,2023-01-08,2023-01-14,2023-01-11 00:00:00
2023,3,15/01 - 21/01,2455,6,0.24,58,2.36,4,0.16,11,11.0,11.0,0.45,2023-01-15,2023-01-21,2023-01-18 00:00:00
2023,4,22/01 - 28/01,1465,0,0.0,52,3.55,2,0.14,16,16.0,16.0,1.09,2023-01-22,2023-01-28,2023-01-25 00:00:00
2023,5,29/01 - 04/02,1814,1,0.06,70,3.86,6,0.33,20,17.0,20.0,1.1,2023-01-29,2023-02-04,2023-02-01 00:00:00
2023,6,05/02 - 11/02,1859,3,0.16,61,3.28,10,0.54,15,15.0,15.0,0.81,2023-02-05,2023-02-11,2023-02-08 00:00:00
2023,7,12/02 - 18/02,1725,3,0.17,82,4.75,9,0.52,28,27.0,28.0,1.62,2023-02-12,2023-02-18,2023-02-15 00:00:00
2023,8,19/02 - 25/02,1651,3,0.18,69,4.18,7,0.42,23,22.0,24.0,1.45,2023-02-19,2023-02-25,2023-02-22 00:00:00
2023,9,26/02 - 04/03,1442,2,0.14,44,3.05,6,0.42,40,40.0,40.0,2.77,2023-02-26,2023-03-04,2023-03-01 00:00:00
2023,10,05/03 - 11/03,1512,2,0.13,37,2.45,3,0.2,42,41.0,54.0,3.57,2023-03-05,2023-03-11,2023-03-08 00:00:00
2023,11,12/03 - 18/03,1705,1,0.06,32,1.88,7,0.41,61,59.0,90.0,5.28,2023-03-12,2023-03-18,2023-03-15 00:00:00
2023,12,19/03 - 25/03,2102,4,0.19,55,2.62,14,0.67,86,84.0,117.0,5.57,2023-03-19,2023-03-25,2023-03-22 00:00:00
2023,13,26/03 - 01/04,2412,8,0.33,57,2.36,10,0.41,107,106.0,151.0,6.26,2023-03-26,2023-04-01,2023-03-29 00:00:00
2023,14,02/04 - 08/04,2886,5,0.17,81,2.81,13,0.45,67,66.0,168.0,5.82,2023-04-02,2023-04-08,2023-04-05 00:00:00
2023,15,09/04 - 15/04,5426,23,0.42,169,3.11,24,0.44,75,74.0,288.0,5.31,2023-04-09,2023-04-15,2023-04-12 00:00:00
2023,16,16/04 - 22/04,6784,27,0.4,163,2.4,38,0.56,88,86.0,257.0,3.79,2023-04-16,2023-04-22,2023-04-19 00:00:00
2023,17,23/04 - 29/04,7598,29,0.18,172,2.26,51,0.67,84,82.0,277.0,3.65,2023-04-23,2023-04-29,2023-04-26 00:00:00
2023,18,30/04 - 06/05,7832,30,0.38,152,1.94,40,0.51,77,73.0,301.0,3.84,2023-04-30,2023-05-06,2023-05-03 00:00:00
2023,19,07/05 - 13/05,8464,29,0.34,182,2.15,38,0.45,94,91.0,228.0,2.69,2023-05-07,2023-05-13,2023-05-10 00:00:00
2023,20,14/05 - 20/05,8440,37,0.44,160,1.9,50,0.59,95,91.0,221.0,2.62,2023-05-14,2023-05-20,2023-05-17 00:00:00
2023,21,21/05 - 27/05,8268,35,0.42,177,2.14,70,0.85,86,81.0,309.0,3.74,2023-05-21,2023-05-27,2023-05-24 00:00:00
2023,22,28/05 - 03/06,7245,44,0.61,213,2.94,71,0.98,107,100.0,272.0,3.75,2023-05-28,2023-06-03,2023-05-31 00:00:00
2023,23,04/06 - 10/06,4949,32,0.65,150,3.03,78,1.58,71,58.0,148.0,2.99,2023-06-04,2023-06-10,2023-06-07 00:00:00
2023,24,11/06 - 17/06,5304,29,0.55,167,3.15,101,1.9,67,44.0,206.0,3.88,2023-06-11,2023-06-17,2023-06-14 00:00:00
2023,25,18/06 - 24/06,4700,41,0.87,203,4.32,151,3.21,86,44.0,239.0,5.09,2023-06-18,2023-06-24,2023-06-21 00:00:00
2023,26,25/06 - 01/07,5103,60,1.18,291,5.7,191,3.74,103,46.0,338.0,6.62,2023-06-25,2023-07-01,2023-06-28 00:00:00
2023,27,02/07 - 08/07,4697,42,0.89,287,6.11,180,3.83,92,47.0,270.0,5.75,2023-07-02,2023-07-08,2023-07-05 00:00:00
2023,28,09/07 - 15/07,4620,46,1.0,272,5.89,190,4.11,80,37.0,245.0,5.3,2023-07-09,2023-07-15,2023-07-12 00:00:00
2023,29,16/07 - 22/07,5085,60,1.18,314,6.18,226,4.44,100,49.0,204.0,4.01,2023-07-16,2023-07-22,2023-07-19 00:00:00
2023,30,23/07 - 29/07,5211,49,0.94,371,7.12,180,3.45,77,36.0,141.0,2.71,2023-07-23,2023-07-29,2023-07-26 00:00:00
2023,31,30/07 - 05/08,5050,42,0.83,386,7.64,182,3.6,92,48.0,132.0,2.61,2023-07-30,2023-08-05,2023-08-02 00:00:00
2023,32,06/08 - 12/08,5135,32,0.62,416,8.1,153,2.98,80,42.0,103.0,2.01,2023-08-06,2023-08-12,2023-08-09 00:00:00
2023,33,13/08 - 19/08,5385,40,0.74,407,7.56,123,2.28,95,56.0,114.0,2.12,2023-08-13,2023-08-19,2023-08-16 00:00:00
2023,34,20/08 - 26/08,5461,19,0.35,439,8.04,101,1.85,99,75.0,135.0,2.47,2023-08-20,2023-08-26,2023-08-23 00:00:00
2023,35,27/08 - 02/09,4378,25,0.57,365,8.34,76,1.74,76,54.0,132.0,3.02,2023-08-27,2023-09-02,2023-08-30 00:00:00
2023,36,03/09 - 09/09,6732,40,0.59,490,7.28,132,1.96,56,45.0,167.0,2.48,2023-09-03,2023-09-09,2023-09-06 00:00:00
2023,37,10/09 - 16/09,6399,19,0.3,425,6.64,104,1.63,97,77.0,154.0,2.41,2023-09-10,2023-09-16,2023-09-13 00:00:00
2023,38,17/09 - 23/09,6569,35,0.53,417,6.35,83,1.26,92,71.0,314.0,4.78,2023-09-17,2023-09-23,2023-09-20 00:00:00
2023,39,24/09 - 30/09,6329,32,0.51,371,5.86,100,1.58,84,69.0,281.0,4.44,2023-09-24,2023-09-30,2023-09-27 00:00:00
2023,40,01/10 - 07/10,7204,23,0.32,274,3.8,96,1.33,101,84.0,272.0,3.78,2023-10-01,2023-10-07,2023-10-04 00:00:00
2023,41,08/10 - 14/10,5804,11,0.19,152,2.62,59,1.02,84,65.0,173.0,2.98,2023-10-08,2023-10-14,2023-10-11 00:00:00
2023,42,15/10 - 21/10,5909,17,0.29,123,2.08,67,1.13,88,68.0,176.0,2.98,2023-10-15,2023-10-21,2023-10-18 00:00:00
2023,43,22/10 - 28/10,5549,23,0.41,90,1.62,59,1.06,84,65.0,189.0,3.41,2023-10-22,2023-10-28,2023-10-25 00:00:00
2023,44,29/10 - 04/11,6306,83,1.32,81,1.28,88,1.4,99,85.0,335.0,5.31,2023-10-29,2023-11-04,2023-11-01 00:00:00
2023,45,05/11 - 11/11,6188,99,1.6,45,0.73,84,1.36,83,56.0,332.0,5.37,2023-11-05,2023-11-11,2023-11-08 00:00:00
2023,46,12/11 - 18/11,5494,65,1.18,37,0.67,87,1.58,90,73.0,245.0,4.46,2023-11-12,2023-11-18,2023-11-15 00:00:00
2023,47,19/11 - 25/11,6027,78,1.29,30,0.5,88,1.46,90,80.0,265.0,4.4,2023-11-19,2023-11-25,2023-11-22 00:00:00
2023,48,26/11 - 02/12,5929,70,1.18,26,0.44,78,1.32,99,91.0,246.0,4.15,2023-11-26,2023-12-02,2023-11-29 00:00:00
2023,49,03/12 - 09/12,5828,70,1.2,16,0.27,66,1.13,95,85.0,236.0,4.05,2023-12-03,2023-12-09,2023-12-06 00:00:00
2023,50,10/12 - 16/12,5882,37,0.63,9,0.15,87,1.48,88,85.0,172.0,2.92,2023-12-10,2023-12-16,2023-12-13 00:00:00
2023,51,17/12 - 23/12,5442,17,0.31,8,0.15,45,0.83,89,86.0,141.0,2.59,2023-12-17,2023-12-23,2023-12-20 00:00:00
2023,52,24/12 - 30/12,6642,21,0.32,7,0.11,70,1.05,85,85.0,194.0,2.92,2023-12-24,2023-12-30,2023-12-27 00:00:00
2024,1,31/12/2023 - 06/01,7106,34,0.48,24,0.34,77,1.08,92,90.0,212.0,2.98,2023-12-31,2024-01-06,2024-01-03 00:00:00
2024,2,07/01 - 13/01,7401,25,0.34,21,0.28,109,1.47,51,50.0,204.0,2.76,2024-01-07,2024-01-13,2024-01-10 00:00:00
2024,3,14/01 - 20/01,6736,33,0.49,11,0.16,92,1.37,41,40.0,172.0,2.55,2024-01-14,2024-01-20,2024-01-17 00:00:00
2024,4,21/01 - 27/01,6584,29,0.44,14,0.21,83,1.26,41,41.0,171.0,2.6,2024-01-21,2024-01-27,2024-01-24 00:00:00
2024,5,28/01 - 03/02,7127,19,0.27,16,0.22,97,1.36,49,49.0,212.0,2.97,2024-01-28,2024-02-03,2024-01-31 00:00:00
2024,6,04/02 - 10/02,6478,18,0.28,20,0.31,106,1.64,44,43.0,190.0,2.93,2024-02-04,2024-02-10,2024-02-07 00:00:00
2024,7,11/02 - 17/02,7960,16,0.2,28,0.35,161,2.02,43,43.0,228.0,2.86,2024-02-11,2024-02-17,2024-02-14 00:00:00
2024,8,18/02 - 24/02,8766,23,0.26,40,0.46,212,2.42,49,49.0,242.0,2.76,2024-02-18,2024-02-24,2024-02-21 00:00:00
2024,9,25/02 - 02/03,7842,26,0.33,37,0.47,226,2.88,48,48.0,216.0,2.75,2024-02-25,2024-03-02,2024-02-28 00:00:00
2024,10,03/03 - 09/03,8436,28,0.33,49,0.58,227,2.69,45,44.0,205.0,2.43,2024-03-03,2024-03-09,2024-03-06 00:00:00
2024,11,10/03 - 16/03,8416,21,0.25,63,0.75,252,2.99,38,38.0,199.0,2.36,2024-03-10,2024-03-16,2024-03-13 00:00:00
2024,12,17/03 - 23/03,8834,22,0.25,70,0.79,287,3.25,41,40.0,262.0,2.97,2024-03-17,2024-03-23,2024-03-20 00:00:00
2024,13,24/03 - 30/03,7999,25,0.31,77,0.96,259,3.24,44,44.0,217.0,2.71,2024-03-24,2024-03-30,2024-03-27 00:00:00
2024,14,31/03 - 06/04,7983,19,0.24,57,0.71,210,2.63,38,37.0,179.0,2.24,2024-03-31,2024-04-06,2024-04-03 00:00:00
2024,15,07/04 - 13/04,7652,20,0.26,67,0.88,237,3.1,40,39.0,142.0,1.86,2024-04-07,2024-04-13,2024-04-10 00:00:00
2024,16,14/04 - 20/04,8096,18,0.22,74,0.91,237,2.93,39,38.0,132.0,1.63,2024-04-14,2024-04-20,2024-04-17 00:00:00
2024,17,21/04 - 27/04,8657,37,0.43,112,1.29,244,2.82,43,39.0,188.0,2.17,2024-04-21,2024-04-27,2024-04-24 00:00:00
2024,18,28/04 - 04/05,9217,50,0.54,127,1.38,234,2.54,40,35.0,267.0,2.9,2024-04-28,2024-05-04,2024-05-01 00:00:00
2024,19,05/05 - 11/05,8935,28,0.31,124,1.39,202,2.26,38,33.0,213.0,2.38,2024-05-05,2024-05-11,2024-05-08 00:00:00
2024,20,12/05 - 18/05,8667,16,0.18,91,1.05,136,1.57,39,36.0,182.0,2.1,2024-05-12,2024-05-18,2024-05-15 00:00:00
2024,21,19/05 - 25/05,8277,13,0.16,81,0.98,132,1.59,40,38.0,183.0,2.21,2024-05-19,2024-05-25,2024-05-22 00:00:00
2024,22,26/05 - 01/06,8063,20,0.25,87,1.08,102,1.27,50,42.0,189.0,2.34,2024-05-26,2024-06-01,2024-05-29 00:00:00
2024,23,02/06 - 08/06,7278,21,0.29,75,1.03,97,1.33,29,23.0,125.0,1.72,2024-06-02,2024-06-08,2024-06-05 00:00:00
2024,24,09/06 - 15/06,7323,18,0.25,61,0.83,121,1.65,43,35.0,156.0,2.13,2024-06-09,2024-06-15,2024-06-12 00:00:00
2024,25,16/06 - 22/06,7747,33,0.43,99,1.28,96,1.24,43,22.0,240.0,3.1,2024-06-16,2024-06-22,2024-06-19 00:00:00
2024,26,23/06 - 29/06,8400,53,0.63,125,1.49,96,1.14,40,15.0,302.0,3.6,2024-06-23,2024-06-29,2024-06-26 00:00:00
2024,27,30/06 - 06/07,7734,56,0.72,118,1.53,88,1.14,43,12.0,272.0,3.52,2024-06-30,2024-07-06,2024-07-03 00:00:00
2024,28,07/07 - 13/07,7929,47,0.59,121,1.53,66,0.83,42,18.0,238.0,3.0,2024-07-07,2024-07-13,2024-07-10 00:00:00
2024,29,14/07 - 20/07,7508,34,0.45,127,1.69,49,0.65,44,12.0,196.0,2.61,2024-07-14,2024-07-20,2024-07-17 00:00:00
2024,30,21/07 - 27/07,8128,23,0.28,175,2.15,56,0.69,44,15.0,175.0,2.15,2024-07-21,2024-07-27,2024-07-24 00:00:00
2024,31,28/07 - 03/08,7711,26,0.34,145,1.88,70,0.91,38,14.0,149.0,1.93,2024-07-28,2024-08-03,2024-07-31 00:00:00
2024,32,04/08 - 10/08,8051,21,0.26,161,2.0,59,0.73,40,14.0,172.0,2.14,2024-08-04,2024-08-10,2024-08-07 00:00:00
2024,33,11/08 - 17/08,7303,10,0.14,157,2.15,42,0.58,42,13.0,141.0,1.93,2024-08-11,2024-08-17,2024-08-14 00:00:00
2024,34,18/08 - 24/08,7208,13,0.18,161,2.23,48,0.67,39,14.0,139.0,1.93,2024-08-18,2024-08-24,2024-08-21 00:00:00
2024,35,25/08 - 31/08,7458,21,0.28,173,2.32,41,0.55,40,12.0,,2.06,2024-08-25,2024-08-31,2024-08-28 00:00:00
2024,36,01/09 - 07/09,7061,9,0.13,141,2.0,29,0.41,42,18.0,173.0,2.45,2024-09-01,2024-09-07,2024-09-04 00:00:00
2024,37,08/09 - 14/09,6882,11,0.16,143,2.08,45,0.65,44,22.0,189.0,2.75,2024-09-08,2024-09-14,2024-09-11 00:00:00
2024,38,15/09 - 21/09,6890,14,0.2,83,1.2,32,0.46,43,29.0,236.0,3.43,2024-09-15,2024-09-21,2024-09-18 00:00:00
2024,39,22/09 - 28/09,6992,11,0.16,74,1.06,34,0.49,39,25.0,264.0,3.78,2024-09-22,2024-09-28,2024-09-25 00:00:00
2024,40,29/09 - 05/10,6707,12,0.18,115,1.71,38,0.57,46,31.0,285.0,4.25,2024-09-29,2024-10-05,2024-10-02 00:00:00
2024,41,06/10 - 12/10,6448,14,0.22,69,1.07,18,0.28,40,26.0,274.0,4.25,2024-10-06,2024-10-12,2024-10-09 00:00:00
2024,42,13/10 - 19/10,6836,16,0.23,53,0.78,11,0.16,47,39.0,252.0,3.69,2024-10-13,2024-10-19,2024-10-16 00:00:00
2024,43,20/10 - 26/10,6430,12,0.19,42,0.65,17,0.26,46,33.0,230.0,3.58,2024-10-20,2024-10-26,2024-10-23 00:00:00
2024,44,27/10 - 02/11,6688,13,0.19,38,0.57,12,0.18,51,40.0,192.0,2.87,2024-10-27,2024-11-02,2024-10-30 00:00:00
2024,45,03/11 - 09/11,6674,19,0.28,29,0.43,29,0.43,53,45.0,201.0,3.01,2024-11-03,2024-11-09,2024-11-06 00:00:00
2024,46,10/11 - 16/11,7007,15,0.21,35,0.5,32,0.46,50,45.0,242.0,3.45,2024-11-10,2024-11-16,2024-11-13 00:00:00
2024,47,17/11 - 23/11,6825,8,0.12,35,0.51,19,0.28,55,45.0,187.0,2.74,2024-11-17,2024-11-23,2024-11-20 00:00:00
2024,48,24/11 - 30/11,7082,19,0.27,47,0.66,23,0.32,54,45.0,282.0,3.98,2024-11-24,2024-11-30,2024-11-27 00:00:00
2024,49,01/12 - 07/12,7751,23,0.3,58,0.75,29,0.37,54,44.0,288.0,3.72,2024-12-01,2024-12-07,2024-12-04 00:00:00
2024,50,08/12 - 14/12,7638,21,0.27,37,0.48,51,0.67,56,53.0,248.0,3.25,2024-12-08,2024-12-14,2024-12-11 00:00:00
2024,51,15/12 - 21/12,7604,19,0.25,51,0.67,55,0.72,42,40.0,234.0,3.08,2024-12-15,2024-12-21,2024-12-18 00:00:00
2024,52,22/12 - 28/12,8037,8,0.1,23,0.29,33,0.41,59,58.0,257.0,3.2,2024-12-22,2024-12-28,2024-12-25 00:00:00
2025,1,29/12/2024 - 04/01,8424,9,0.11,36,0.43,57,0.68,265,3.15,71.0,0.84,2024-12-29,2025-01-04,2025-01-01 00:00:00
2025,2,05/01 - 11/01,8864,9,0.1,41,0.46,74,0.83,214,2.41,49.0,0.55,2025-01-05,2025-01-11,2025-01-08 00:00:00
2025,3,12/01 - 18/01,9016,19,0.21,24,0.27,61,0.68,185,2.05,49.0,0.54,2025-01-12,2025-01-18,2025-01-15 00:00:00
2025,4,19/01 - 25/01,9353,17,0.18,19,0.2,56,0.6,190,2.03,41.0,0.44,2025-01-19,2025-01-25,2025-01-22 00:00:00
2025,5,26/01 - 01/02,7715,6,0.08,19,0.25,68,0.88,133,1.72,42.0,0.54,2025-01-26,2025-02-01,2025-01-29 00:00:00
2025,6,02/02 - 08/02,10016,12,0.12,26,0.26,122,1.22,201,2.01,46.0,0.46,2025-02-02,2025-02-08,2025-02-05 00:00:00
2025,7,09/02 - 15/02,9196,9,0.1,29,0.32,125,1.36,151,1.64,32.0,0.35,2025-02-09,2025-02-15,2025-02-12 00:00:00
2025,8,16/02 - 22/02,8794,17,0.19,29,0.33,169,1.92,112,1.27,30.0,0.34,2025-02-16,2025-02-22,2025-02-19 00:00:00
2025,9,23/02 - 01/03,8100,15,0.19,21,0.26,149,1.84,138,1.7,25.0,0.31,2025-02-23,2025-03-01,2025-02-26 00:00:00
2025,10,02/03 - 08/03,8236,4,0.05,25,0.3,183,2.22,170,2.06,40.0,0.49,2025-03-02,2025-03-08,2025-03-05 00:00:00
2025,11,09/03 - 15/03,8146,12,0.15,33,0.41,245,3.01,195,2.39,95.0,1.17,2025-03-09,2025-03-15,2025-03-12 00:00:00
2025,12,16/03 - 22/03,7782,7,0.09,55,0.71,270,3.47,251,3.23,133.0,1.71,2025-03-16,2025-03-22,2025-03-19 00:00:00
2025,13,23/03 - 29/03,8620,15,0.17,41,0.48,391,4.54,256,2.97,277.0,3.21,2025-03-23,2025-03-29,2025-03-26 00:00:00
2025,14,30/03 - 05/04,7420,14,0.19,50,0.67,261,3.52,237,3.19,378.0,5.09,2025-03-30,2025-04-05,2025-04-02 00:00:00
2025,15,06/04 - 12/04,8648,12,0.14,70,0.81,343,3.97,332,3.84,537.0,6.21,2025-04-06,2025-04-12,2025-04-09 00:00:00
2025,16,13/04 - 19/04,8507,8,0.09,51,0.6,294,3.46,317,3.73,698.0,8.21,2025-04-13,2025-04-19,2025-04-16 00:00:00
2025,17,20/04 - 26/04,8879,7,0.08,42,0.47,319,3.59,238,2.68,895.0,10.08,2025-04-20,2025-04-26,2025-04-23 00:00:00
2025,18,24/04 - 03/05,8468,6,0.07,41,0.48,306,3.61,224,2.65,967.0,11.42,2025-04-24,2025-05-03,2025-04-28 12:00:00
2025,19,04/05 - 10/05,8819,11,0.12,57,0.65,262,2.97,193,2.19,1205.0,13.66,2025-05-04,2025-05-10,2025-05-07 00:00:00
2025,20,11/05 - 17/05,8797,14,0.16,75,0.85,258,2.93,197,2.24,1214.0,13.8,2025-05-11,2025-05-17,2025-05-14 00:00:00
2025,21,18/05 - 24/05,8869,10,0.11,73,0.82,199,2.24,187,2.11,986.0,11.12,2025-05-18,2025-05-24,2025-05-21 00:00:00
2025,22,25/05 - 31/05,8238,9,0.11,68,0.83,202,2.45,179,2.17,764.0,9.27,2025-05-25,2025-05-31,2025-05-28 00:00:00
2025,23,01/06 - 07/06,8111,14,0.17,55,0.68,190,2.34,177,2.18,564.0,6.95,2025-06-01,2025-06-07,2025-06-04 00:00:00
2025,24,08/06 - 14/06,7901,10,0.13,72,0.91,130,1.65,164,2.08,386.0,4.89,2025-06-08,2025-06-14,2025-06-11 00:00:00
2025,25,15/06 - 21/06,7487,9,0.12,89,1.19,126,1.68,183,2.44,335.0,4.47,2025-06-15,2025-06-21,2025-06-18 00:00:00
2025,26,22/06 - 28/06,7532,10,0.13,93,1.23,106,1.41,162,2.15,305.0,4.05,2025-06-22,2025-06-28,2025-06-25 00:00:00
2025,27,29/06 - 05/07,7226,14,0.19,141,1.95,100,1.38,171,2.37,248.0,3.43,2025-06-29,2025-07-05,2025-07-02 00:00:00
2025,28,06/07 - 12/07,7497,12,0.16,160,2.13,98,1.31,163,2.17,191.0,2.55,2025-07-06,2025-07-12,2025-07-09 00:00:00
2025,29,13/07 - 19/07,7522,10,0.13,154,2.05,71,0.94,137,1.82,173.0,2.3,2025-07-13,2025-07-19,2025-07-16 00:00:00
2025,30,20/07 - 26/07,7409,8,0.11,178,2.4,98,1.32,135,1.82,140.0,1.89,2025-07-20,2025-07-26,2025-07-23 00:00:00
2025,31,27/07 - 02/08,7764,11,0.14,219,2.82,91,1.17,137,1.76,109.0,1.4,2025-07-27,2025-08-02,2025-07-30 00:00:00
2025,32,03/08 - 09/08,7303,9,0.12,188,2.57,64,0.88,154,2.11,90.0,1.23,2025-08-03,2025-08-09,2025-08-06 00:00:00
2025,33,10/08 - 16/08,7913,10,0.13,224,2.83,56,0.71,137,1.73,119.0,1.5,2025-08-10,2025-08-16,2025-08-13 00:00:00
2025,34,17/08 - 23/08,8047,10,0.12,213,2.65,59,0.73,149,1.85,112.0,1.39,2025-08-17,2025-08-23,2025-08-20 00:00:00
2025,35,24/08 - 30/08,8458,4,0.05,238,2.81,60,0.71,190,2.25,113.0,1.34,2025-08-24,2025-08-30,2025-08-27 00:00:00
2025,36,31/08 - 06/09,7996,11,0.14,271,3.39,53,0.66,171,2.14,88.0,1.1,2025-08-31,2025-09-06,2025-09-03 00:00:00
2025,37,07/09 - 13/09,8194,8,0.1,290,3.54,41,0.5,242,2.95,64.0,0.78,2025-09-07,2025-09-13,2025-09-10 00:00:00
2025,38,14/09 - 20/09,8459,9,0.11,282,3.33,29,0.34,260,3.07,55.0,0.65,2025-09-14,2025-09-20,2025-09-17 00:00:00
2025,39,21/09 - 27/09,7867,7,0.09,228,2.9,34,0.43,276,3.51,53.0,0.67,2025-09-21,2025-09-27,2025-09-24 00:00:00
2025,40,28/09 - 04/10,8287,5,0.06,258,3.11,34,0.41,235,2.84,48.0,0.58,2025-09-28,2025-10-04,2025-10-01 00:00:00
2025,41,05/10 - 11/10,8193,7,0.09,239,2.92,28,0.34,233,2.84,33.0,0.4,2025-10-05,2025-10-11,2025-10-08 00:00:00
2025,42,12/10 - 18/10,8723,5,0.06,211,2.42,22,0.25,272,3.12,28.0,0.32,2025-10-12,2025-10-18,2025-10-15 00:00:00
2025,43,19/10 - 25/10,8126,17,0.21,222,2.73,17,0.21,259,3.19,35.0,0.43,2025-10-19,2025-10-25,2025-10-22 00:00:00
2025,44,26/10 - 01/11,8557,7,0.08,202,2.36,23,0.27,278,3.25,18.0,0.21,2025-10-26,2025-11-01,2025-10-29 00:00:00
2025,45,02/11 - 08/11,8296,8,0.1,136,1.64,14,0.17,348,4.19,18.0,0.22,2025-11-02,2025-11-08,2025-11-05 00:00:00
2025,46,09/11 - 15/11,8283,11,0.13,97,1.17,10,0.12,426,5.14,5.0,0.06,2025-11-09,2025-11-15,2025-11-12 00:00:00
2025,47,16/11 - 22/11,8196,15,0.18,90,1.1,21,0.26,418,5.1,5.0,0.06,2025-11-16,2025-11-22,2025-11-19 00:00:00
2025,48,23/11 - 29/11,8406,20,0.24,53,0.63,14,0.17,468,5.57,8.0,0.1,2025-11-23,2025-11-29,2025-11-26 00:00:00
2025,49,30/11 - 06/12,8796,17,0.19,48,0.55,16,0.18,492,5.59,4.0,0.05,2025-11-30,2025-12-06,2025-12-03 00:00:00
2025,50,07/12 - 13/12,8720,10,0.11,34,0.39,13,0.15,519,5.95,3.0,0.03,2025-12-07,2025-12-13,2025-12-10 00:00:00
2025,51,14/12 - 20/12,8356,15,0.18,20,0.24,11,0.13,507,6.07,8.0,0.1,2025-12-14,2025-12-20,2025-12-17 00:00:00
2025,52,21/12 - 27/12,7962,9,0.11,19,0.24,14,0.18,468,5.88,2.0,0.03,2025-12-21,2025-12-27,2025-12-24 00:00:00
2026,1,28/12/2025 - 03/01,8281,5,0.06,12,0.14,20,0.24,444,5.36,4.0,0.05,2025-12-28,2026-01-03,2025-12-31 00:00:00
2026,2,04/01 - 10/01,7937,3,0.04,19,0.24,21,0.26,378,4.76,9.0,0.11,2026-01-04,2026-01-10,2026-01-07 00:00:00
2026,3,11/01 - 17/01,9044,13,0.14,22,0.24,26,0.29,373,4.12,16.0,0.18,2026-01-11,2026-01-17,2026-01-14 00:00:00
2026,4,18/01 - 24/01,8784,13,0.15,14,0.16,31,0.35,382,4.35,4.0,0.05,2026-01-18,2026-01-24,2026-01-21 00:00:00
2026,5,25/01 - 31/01,8677,15,0.17,20,0.23,30,0.35,315,3.63,3.0,0.03,2026-01-25,2026-01-31,2026-01-28 00:00:00
2026,6,01/02 - 07/02,8316,11,0.13,20,0.24,19,0.23,288,3.46,8.0,0.1,2026-02-01,2026-02-07,2026-02-04 00:00:00
2026,7,08/02 - 14/02,8146,8,0.1,22,0.27,42,0.52,295,3.62,8.0,0.1,2026-02-08,2026-02-14,2026-02-11 00:00:00
2026,8,15/02 - 21/02,7803,4,0.05,17,0.22,25,0.32,257,3.29,6.0,0.08,2026-02-15,2026-02-21,2026-02-18 00:00:00
2026,9,22/02 - 28/02,9231,5,0.05,28,0.3,71,0.77,290,3.14,7.0,0.08,2026-02-22,2026-02-28,2026-02-25 00:00:00
2026,10,01/03 - 07/03,8594,5,0.06,21,0.24,55,0.64,190,2.21,15.0,0.17,2026-03-01,2026-03-07,2026-03-04 00:00:00
2026,11,08/03 - 14/03,8512,9,0.11,52,0.61,67,0.79,210,2.47,13.0,0.15,2026-03-08,2026-03-14,2026-03-11 00:00:00
2026,12,15/03 - 21/03,8532,11,0.13,48,0.56,81,0.95,237,2.78,6.0,0.07,2026-03-15,2026-03-21,2026-03-18 00:00:00
2026,13,22/03 - 28/03,8817,13,0.15,73,0.83,79,0.9,284,3.22,8.0,0.09,2026-03-22,2026-03-28,2026-03-25 00:00:00
2026,14,29/03 - 04/04,8158,7,0.09,47,0.58,90,1.1,232,2.84,6.0,0.07,2026-03-29,2026-04-04,2026-04-01 00:00:00
2026,15,05/04 - 11/04,8188,2,0.02,50,0.61,145,1.77,203,2.48,3.0,0.04,2026-04-05,2026-04-11,2026-04-08 00:00:00
