Year,Week,Date,Specimens_Para,PIV1_count,PIV1_pct,PIV2_count,PIV2_pct,PIV3_count,PIV3_pct,PIV4_count,PIV4_pct,From,To,MidDate
2014,1,29/12/2013 - 04/01,2164,50,2.31,4,0.18,34,1.57,2,0.09,2013-12-29,2014-01-04,2014-01-01
2014,2,05/01 - 11/01,2412,19,0.79,6,0.25,28,1.16,2,0.08,2014-01-05,2014-01-11,2014-01-08
2014,3,12/01 - 18/01,2307,39,1.69,2,0.09,32,1.39,2,0.09,2014-01-12,2014-01-18,2014-01-15
2014,4,19/01 - 25/01,2589,45,1.74,1,0.04,26,1.0,6,0.23,2014-01-19,2014-01-25,2014-01-22
2014,5,26/01 - 01/02,2676,50,1.87,6,0.22,29,1.08,1,0.04,2014-01-26,2014-02-01,2014-01-29
2014,6,02/02 - 08/02,3042,54,1.78,4,0.13,43,1.41,2,0.07,2014-02-02,2014-02-08,2014-02-05
2014,7,09/02 - 15/02,2588,52,2.01,5,0.19,41,1.58,19,0.73,2014-02-09,2014-02-15,2014-02-12
2014,8,16/02 - 22/02,2879,44,1.53,10,0.35,55,1.91,23,0.8,2014-02-16,2014-02-22,2014-02-19
2014,9,23/02 - 01/03,2882,41,1.42,14,0.49,54,1.87,15,0.52,2014-02-23,2014-03-01,2014-02-26
2014,10,02/03 - 08/03,2516,56,2.23,8,0.32,60,2.38,21,0.83,2014-03-02,2014-03-08,2014-03-05
2014,11,09/03 - 15/03,2433,53,2.18,3,0.12,64,2.63,19,0.78,2014-03-09,2014-03-15,2014-03-12
2014,12,16/03 - 22/03,2553,43,1.68,2,0.08,53,2.08,13,0.51,2014-03-16,2014-03-22,2014-03-19
2014,13,23/03 - 29/03,2533,56,2.21,3,0.12,44,1.74,8,0.32,2014-03-23,2014-03-29,2014-03-26
2014,14,30/03 - 05/04,2186,34,1.56,5,0.23,46,2.1,7,0.32,2014-03-30,2014-04-05,2014-04-02
2014,15,06/04 - 12/04,2552,46,1.8,3,0.12,74,2.9,13,0.51,2014-04-06,2014-04-12,2014-04-09
2014,16,13/04 - 19/04,2309,26,1.13,3,0.13,68,2.94,12,0.52,2014-04-13,2014-04-19,2014-04-16
2014,17,20/04 - 26/04,2297,40,1.74,6,0.26,75,3.27,15,0.65,2014-04-20,2014-04-26,2014-04-23
2014,18,27/04 - 03/05,2193,17,0.78,6,0.27,63,2.87,8,0.36,2014-04-27,2014-05-03,2014-04-30
2014,19,04/05 - 10/05,1933,16,0.83,4,0.21,51,2.64,5,0.26,2014-05-04,2014-05-10,2014-05-07
2014,20,11/05 - 17/05,1919,12,0.63,2,0.1,68,3.54,11,0.57,2014-05-11,2014-05-17,2014-05-14
2014,21,18/05 - 24/05,1972,19,0.96,4,0.2,65,3.3,5,0.25,2014-05-18,2014-05-24,2014-05-21
2014,22,25/05 - 31/05,2061,23,1.12,1,0.05,55,2.67,14,0.68,2014-05-25,2014-05-31,2014-05-28
2014,23,01/06 - 07/06,2132,7,0.33,1,0.05,60,2.81,16,0.75,2014-06-01,2014-06-07,2014-06-04
2014,24,08/06 - 14/06,2183,11,0.5,8,0.37,53,2.43,3,0.14,2014-06-08,2014-06-14,2014-06-11
2014,25,15/06 - 21/06,2048,8,0.39,4,0.2,25,1.22,10,0.49,2014-06-15,2014-06-21,2014-06-18
2014,26,22/06 - 28/06,1825,14,0.77,3,0.16,54,2.96,6,0.33,2014-06-22,2014-06-28,2014-06-25
2014,27,29/06 - 05/07,1867,6,0.32,0,0.0,35,1.87,15,0.8,2014-06-29,2014-07-05,2014-07-02
2014,28,06/07 - 12/07,1945,9,0.46,0,0.0,25,1.29,11,0.57,2014-07-06,2014-07-12,2014-07-09
2014,29,13/07 - 19/07,1924,11,0.57,0,0.0,21,1.09,13,0.68,2014-07-13,2014-07-19,2014-07-16
2014,30,20/07 - 26/07,1728,1,0.06,2,0.12,23,1.33,10,0.58,2014-07-20,2014-07-26,2014-07-23
2014,31,27/07 - 02/08,1709,0,0.0,1,0.06,18,1.05,7,0.41,2014-07-27,2014-08-02,2014-07-30
2014,32,03/08 - 09/08,1653,2,0.12,0,0.0,17,1.03,7,0.42,2014-08-03,2014-08-09,2014-08-06
2014,33,10/08 - 16/08,1549,2,0.13,1,0.06,17,1.1,4,0.26,2014-08-10,2014-08-16,2014-08-13
2014,34,17/08 - 23/08,1480,4,0.27,0,0.0,13,0.88,7,0.47,2014-08-17,2014-08-23,2014-08-20
2014,35,24/08 - 30/08,1638,1,0.06,0,0.0,18,1.1,10,0.61,2014-08-24,2014-08-30,2014-08-27
2014,36,31/08 - 06/09,1844,4,0.22,1,0.05,13,0.7,7,0.38,2014-08-31,2014-09-06,2014-09-03
2014,37,07/09 - 13/09,1848,3,0.16,0,0.0,19,1.03,7,0.38,2014-09-07,2014-09-13,2014-09-10
2014,38,14/09 - 20/09,1949,3,0.15,0,0.0,24,1.23,21,1.08,2014-09-14,2014-09-20,2014-09-17
2014,39,21/09 - 27/09,1983,3,0.15,1,0.05,25,1.26,10,0.5,2014-09-21,2014-09-27,2014-09-24
2014,40,28/09 - 04/10,1912,1,0.05,2,0.1,12,0.63,19,0.99,2014-09-28,2014-10-04,2014-10-01
2014,41,05/10 - 11/10,1857,7,0.38,1,0.05,21,1.13,19,1.02,2014-10-05,2014-10-11,2014-10-08
2014,42,12/10 - 18/10,1898,6,0.32,1,0.05,17,0.9,29,1.53,2014-10-12,2014-10-18,2014-10-15
2014,43,19/10 - 25/10,1797,2,0.11,2,0.11,23,1.28,29,1.61,2014-10-19,2014-10-25,2014-10-22
2014,44,26/10 - 01/11,1962,9,0.46,3,0.15,23,1.17,34,1.73,2014-10-26,2014-11-01,2014-10-29
2014,45,02/11 - 08/11,1964,7,0.36,1,0.05,16,0.81,42,2.14,2014-11-02,2014-11-08,2014-11-05
2014,46,09/11 - 15/11,1812,10,0.55,2,0.11,22,1.21,24,1.32,2014-11-09,2014-11-15,2014-11-12
2014,47,16/11 - 22/11,2102,15,0.71,0,0.0,19,0.9,32,1.52,2014-11-16,2014-11-22,2014-11-19
2014,48,23/11 - 29/11,2140,17,0.79,5,0.23,38,1.78,40,1.87,2014-11-23,2014-11-29,2014-11-26
2014,49,30/11 - 06/12,2045,22,1.08,5,0.24,36,1.76,33,1.61,2014-11-30,2014-12-06,2014-12-03
2014,50,07/12 - 13/12,2158,21,0.97,9,0.42,41,1.9,40,1.85,2014-12-07,2014-12-13,2014-12-10
2014,51,14/12 - 20/12,2373,27,1.14,8,0.34,47,1.98,51,2.15,2014-12-14,2014-12-20,2014-12-17
2014,52,21/12 - 27/12,2495,30,1.2,8,0.32,35,1.4,45,1.8,2014-12-21,2014-12-27,2014-12-24
2015,1,28/12/2014 - 03/01,3069,44,1.43,6,0.2,42,1.37,58,1.89,2014-12-28,2015-01-03,2014-12-31
2015,2,04/01 - 10/01,3351,24,0.72,1,0.03,36,1.07,36,1.07,2015-01-04,2015-01-10,2015-01-07
2015,3,11/01 - 17/01,3392,34,1.0,5,0.15,37,1.09,28,0.83,2015-01-11,2015-01-17,2015-01-14
2015,4,18/01 - 24/01,4315,62,1.44,4,0.09,38,0.88,28,0.65,2015-01-18,2015-01-24,2015-01-21
2015,5,25/01 - 31/01,5187,40,0.77,10,0.19,32,0.62,33,0.64,2015-01-25,2015-01-31,2015-01-28
2015,6,01/02 - 07/02,4854,58,1.19,4,0.08,45,0.93,25,0.52,2015-02-01,2015-02-07,2015-02-04
2015,7,08/02 - 14/02,4650,67,1.44,15,0.32,39,0.84,21,0.45,2015-02-08,2015-02-14,2015-02-11
2015,8,15/02 - 21/02,4049,35,0.86,8,0.2,34,0.84,9,0.22,2015-02-15,2015-02-21,2015-02-18
2015,9,22/02 - 28/02,4714,52,1.1,6,0.13,45,0.95,18,0.38,2015-02-22,2015-02-28,2015-02-25
2015,10,01/03 - 07/03,4145,40,0.97,3,0.07,30,0.72,20,0.48,2015-03-01,2015-03-07,2015-03-04
2015,11,08/03 - 14/03,3800,39,1.03,9,0.24,43,1.13,14,0.37,2015-03-08,2015-03-14,2015-03-11
2015,12,15/03 - 21/03,4093,50,1.22,9,0.22,49,1.2,3,0.07,2015-03-15,2015-03-21,2015-03-18
2015,13,22/03 - 28/03,3640,37,1.02,4,0.11,58,1.59,6,0.16,2015-03-22,2015-03-28,2015-03-25
2015,14,29/03 - 04/04,2767,28,1.01,4,0.14,38,1.37,8,0.29,2015-03-29,2015-04-04,2015-04-01
2015,15,05/04 - 11/04,4054,45,1.11,7,0.17,56,1.38,8,0.2,2015-04-05,2015-04-11,2015-04-08
2015,16,12/04 - 18/04,3275,26,0.79,5,0.15,26,0.79,17,0.52,2015-04-12,2015-04-18,2015-04-15
2015,17,19/04 - 25/04,3093,19,0.61,9,0.29,39,1.26,19,0.61,2015-04-19,2015-04-25,2015-04-22
2015,18,26/04 - 02/05,2989,27,0.9,5,0.17,47,1.57,26,0.87,2015-04-26,2015-05-02,2015-04-29
2015,19,03/05 - 09/05,2956,23,0.78,4,0.14,38,1.29,17,0.58,2015-05-03,2015-05-09,2015-05-06
2015,20,10/05 - 16/05,2875,19,0.66,7,0.24,39,1.36,13,0.45,2015-05-10,2015-05-16,2015-05-13
2015,21,17/05 - 23/05,2786,30,1.08,8,0.29,52,1.87,25,0.9,2015-05-17,2015-05-23,2015-05-20
2015,22,24/05 - 30/05,2963,15,0.51,14,0.47,51,1.72,25,0.84,2015-05-24,2015-05-30,2015-05-27
2015,23,31/05 - 06/06,3337,19,0.57,11,0.33,49,1.47,21,0.63,2015-05-31,2015-06-06,2015-06-03
2015,24,07/06 - 13/06,3815,14,0.37,12,0.31,66,1.73,13,0.34,2015-06-07,2015-06-13,2015-06-10
2015,25,14/06 - 20/06,3480,13,0.37,12,0.34,38,1.09,19,0.55,2015-06-14,2015-06-20,2015-06-17
2015,26,21/06 - 27/06,4086,20,0.49,13,0.32,35,0.86,12,0.29,2015-06-21,2015-06-27,2015-06-24
2015,27,28/06 - 04/07,3825,14,0.37,14,0.37,36,0.94,13,0.34,2015-06-28,2015-07-04,2015-07-01
2015,28,05/07 - 11/07,3420,11,0.32,7,0.2,25,0.73,17,0.5,2015-07-05,2015-07-11,2015-07-08
2015,29,12/07 - 18/07,3186,10,0.31,24,0.75,28,0.88,30,0.94,2015-07-12,2015-07-18,2015-07-15
2015,30,19/07 - 25/07,2793,11,0.39,19,0.68,25,0.9,10,0.36,2015-07-19,2015-07-25,2015-07-22
2015,31,26/07 - 01/08,2799,7,0.25,20,0.71,27,0.96,7,0.25,2015-07-26,2015-08-01,2015-07-29
2015,32,02/08 - 08/08,2898,7,0.24,12,0.41,34,1.17,12,0.41,2015-08-02,2015-08-08,2015-08-05
2015,33,09/08 - 15/08,2883,9,0.31,14,0.49,27,0.94,16,0.55,2015-08-09,2015-08-15,2015-08-12
2015,34,16/08 - 22/08,2599,5,0.19,12,0.46,34,1.31,14,0.54,2015-08-16,2015-08-22,2015-08-19
2015,35,23/08 - 29/08,2759,9,0.33,16,0.58,24,0.87,13,0.47,2015-08-23,2015-08-29,2015-08-26
2015,36,30/08 - 05/09,2501,6,0.24,15,0.6,31,1.24,12,0.48,2015-08-30,2015-09-05,2015-09-02
2015,37,06/09 - 12/09,2669,6,0.22,14,0.52,42,1.57,25,0.94,2015-09-06,2015-09-12,2015-09-09
2015,38,13/09 - 19/09,2926,12,0.41,28,0.96,40,1.37,13,0.44,2015-09-13,2015-09-19,2015-09-16
2015,39,20/09 - 26/09,2832,15,0.53,28,0.99,46,1.62,19,0.67,2015-09-20,2015-09-26,2015-09-23
2015,40,27/09 - 03/10,2681,16,0.6,32,1.19,54,2.01,34,1.27,2015-09-27,2015-10-03,2015-09-30
2015,41,04/10 - 10/10,2708,21,0.78,37,1.37,54,1.99,24,0.89,2015-10-04,2015-10-10,2015-10-07
2015,42,11/10 - 17/10,2749,23,0.84,30,1.09,57,2.07,24,0.87,2015-10-11,2015-10-17,2015-10-14
2015,43,18/10 - 24/10,2890,25,0.87,50,1.73,78,2.7,22,0.76,2015-10-18,2015-10-24,2015-10-21
2015,44,25/10 - 31/10,2911,13,0.45,43,1.48,76,2.61,15,0.52,2015-10-25,2015-10-31,2015-10-28
2015,45,01/11 - 07/11,2921,31,1.06,47,1.61,93,3.18,22,0.75,2015-11-01,2015-11-07,2015-11-04
2015,46,08/11 - 14/11,2802,24,0.86,29,1.03,92,3.28,30,1.07,2015-11-08,2015-11-14,2015-11-11
2015,47,15/11 - 21/11,2770,26,0.94,50,1.81,104,3.75,29,1.05,2015-11-15,2015-11-21,2015-11-18
2015,48,22/11 - 28/11,2792,35,1.25,50,1.79,105,3.76,35,1.25,2015-11-22,2015-11-28,2015-11-25
2015,49,29/11 - 05/12,3017,25,0.83,56,1.86,94,3.12,41,1.36,2015-11-29,2015-12-05,2015-12-02
2015,50,06/12 - 12/12,2874,27,0.94,32,1.11,83,2.89,40,1.39,2015-12-06,2015-12-12,2015-12-09
2015,51,13/12 - 19/12,3077,26,0.84,35,1.14,83,2.7,26,0.84,2015-12-13,2015-12-19,2015-12-16
2015,52,20/12 - 26/12,3232,31,0.96,33,1.02,77,2.38,39,1.21,2015-12-20,2015-12-26,2015-12-23
2016,1,27/12/2015 - 02/01,3124,30,0.96,27,0.86,71,2.27,27,0.86,2015-12-27,2016-01-02,2015-12-30
2016,2,03/01 - 09/01,3204,36,1.12,34,1.06,67,2.09,20,0.62,2016-01-03,2016-01-09,2016-01-06
2016,3,10/01 - 16/01,3096,41,1.32,28,0.9,49,1.58,21,0.68,2016-01-10,2016-01-16,2016-01-13
2016,4,17/01 - 23/01,3280,19,0.58,24,0.73,49,1.49,19,0.58,2016-01-17,2016-01-23,2016-01-20
2016,5,24/01 - 30/01,3537,21,0.59,15,0.42,39,1.1,17,0.48,2016-01-24,2016-01-30,2016-01-27
2016,6,31/01 - 06/02,3935,27,0.69,20,0.51,43,1.09,31,0.79,2016-01-31,2016-02-06,2016-02-03
2016,7,07/02 - 13/02,4544,33,0.73,37,0.81,53,1.17,35,0.77,2016-02-07,2016-02-13,2016-02-10
2016,8,14/02 - 20/02,4896,28,0.57,29,0.59,55,1.12,29,0.59,2016-02-14,2016-02-20,2016-02-17
2016,9,21/02 - 27/02,4959,27,0.54,27,0.54,41,0.83,22,0.44,2016-02-21,2016-02-27,2016-02-24
2016,10,28/02 - 05/03,5110,23,0.45,22,0.43,49,0.96,33,0.65,2016-02-28,2016-03-05,2016-03-02
2016,11,06/03 - 12/03,4651,16,0.34,21,0.45,34,0.73,18,0.39,2016-03-06,2016-03-12,2016-03-09
2016,12,13/03 - 19/03,4247,24,0.57,18,0.42,31,0.73,19,0.45,2016-03-13,2016-03-19,2016-03-16
2016,13,20/03 - 26/03,3241,12,0.37,12,0.37,19,0.59,22,0.68,2016-03-20,2016-03-26,2016-03-23
2016,14,27/03 - 02/04,5273,29,0.55,30,0.57,40,0.76,30,0.57,2016-03-27,2016-04-02,2016-03-30
2016,15,03/04 - 09/04,4159,21,0.5,13,0.31,42,1.01,24,0.58,2016-04-03,2016-04-09,2016-04-06
2016,16,10/04 - 16/04,4070,19,0.47,4,0.1,49,1.2,23,0.57,2016-04-10,2016-04-16,2016-04-13
2016,17,17/04 - 23/04,4116,16,0.39,12,0.29,42,1.02,20,0.49,2016-04-17,2016-04-23,2016-04-20
2016,18,24/04 - 30/04,4342,12,0.28,13,0.3,67,1.54,14,0.32,2016-04-24,2016-04-30,2016-04-27
2016,19,01/05 - 07/05,4017,20,0.5,12,0.3,51,1.27,26,0.65,2016-05-01,2016-05-07,2016-05-04
2016,20,08/05 - 14/05,3435,11,0.32,5,0.15,57,1.66,10,0.29,2016-05-08,2016-05-14,2016-05-11
2016,21,15/05 - 21/05,4530,25,0.55,14,0.31,82,1.81,27,0.6,2016-05-15,2016-05-21,2016-05-18
2016,22,22/05 - 28/05,3783,24,0.63,10,0.26,75,1.98,24,0.63,2016-05-22,2016-05-28,2016-05-25
2016,23,29/05 - 04/06,3806,12,0.32,6,0.16,89,2.34,19,0.5,2016-05-29,2016-06-04,2016-06-01
2016,24,05/06 - 11/06,3304,13,0.39,5,0.15,81,2.45,37,1.12,2016-06-05,2016-06-11,2016-06-08
2016,25,12/06 - 18/06,3262,21,0.64,7,0.21,80,2.45,37,1.13,2016-06-12,2016-06-18,2016-06-15
2016,26,19/06 - 25/06,3455,19,0.55,10,0.29,89,2.58,33,0.96,2016-06-19,2016-06-25,2016-06-22
2016,27,26/06 - 02/07,2982,25,0.84,8,0.27,77,2.58,22,0.74,2016-06-26,2016-07-02,2016-06-29
2016,28,03/07 - 09/07,3087,32,1.04,7,0.23,83,2.69,21,0.68,2016-07-03,2016-07-09,2016-07-06
2016,29,10/07 - 16/07,3236,24,0.74,7,0.22,92,2.84,26,0.8,2016-07-10,2016-07-16,2016-07-13
2016,30,17/07 - 23/07,3206,16,0.5,2,0.06,71,2.21,14,0.44,2016-07-17,2016-07-23,2016-07-20
2016,31,24/07 - 30/07,3091,21,0.68,8,0.26,73,2.36,12,0.39,2016-07-24,2016-07-30,2016-07-27
2016,32,31/07 - 06/08,3035,19,0.63,10,0.33,53,1.75,20,0.66,2016-07-31,2016-08-06,2016-08-03
2016,33,07/08 - 13/08,3045,13,0.43,14,0.46,45,1.48,19,0.62,2016-08-07,2016-08-13,2016-08-10
2016,34,14/08 -  20/08,2845,18,0.63,5,0.18,43,1.51,10,0.35,2016-08-14,2016-08-20,2016-08-17
2016,35,21/08 - 27/08,3066,16,0.52,11,0.36,35,1.14,23,0.75,2016-08-21,2016-08-27,2016-08-24
2016,36,28/08 - 03/09,3025,13,0.43,8,0.26,33,1.09,10,0.33,2016-08-28,2016-09-03,2016-08-31
2016,37,04/09 - 10/09,3040,10,0.33,7,0.23,44,1.45,9,0.3,2016-09-04,2016-09-10,2016-09-07
2016,38,11/09 - 17/09,3328,23,0.69,7,0.21,46,1.38,16,0.48,2016-09-11,2016-09-17,2016-09-14
2016,39,18/09 - 24/09,3933,35,0.89,8,0.2,51,1.3,23,0.58,2016-09-18,2016-09-24,2016-09-21
2016,40,25/09 - 01/10,3285,33,1.0,8,0.24,46,1.4,21,0.64,2016-09-25,2016-10-01,2016-09-28
2016,41,02/10 - 08/10,3732,26,0.7,12,0.32,43,1.15,35,0.94,2016-10-02,2016-10-08,2016-10-05
2016,42,09/10 - 15/10,3359,32,0.95,8,0.24,48,1.43,34,1.01,2016-10-09,2016-10-15,2016-10-12
2016,43,16/10 - 22/10,3105,47,1.51,3,0.1,53,1.71,30,0.97,2016-10-16,2016-10-22,2016-10-19
2016,44,23/10 - 29/10,3364,35,1.04,3,0.09,70,2.08,49,1.46,2016-10-23,2016-10-29,2016-10-26
2016,45,30/10 - 05/11,3286,42,1.28,6,0.18,57,1.73,49,1.49,2016-10-30,2016-11-05,2016-11-02
2016,46,06/11 - 12/11,3413,54,1.58,8,0.23,59,1.73,51,1.49,2016-11-06,2016-11-12,2016-11-09
2016,47,13/11 - 19/11,3588,75,2.09,6,0.17,66,1.84,86,2.4,2016-11-13,2016-11-19,2016-11-16
2016,48,20/11 - 26/11,3464,66,1.91,8,0.23,75,2.17,83,2.4,2016-11-20,2016-11-26,2016-11-23
2016,49,27/11 - 03/12,3519,76,2.16,13,0.37,59,1.68,116,3.3,2016-11-27,2016-12-03,2016-11-30
2016,50,04/12 - 10/12,3657,92,2.52,20,0.55,54,1.48,119,3.25,2016-12-04,2016-12-10,2016-12-07
2016,51,11/12 - 17/12,3786,102,2.69,11,0.29,64,1.69,99,2.61,2016-12-11,2016-12-17,2016-12-14
2016,52,18/12 - 24/12,3657,104,2.84,13,0.36,83,2.27,97,2.65,2016-12-18,2016-12-24,2016-12-21
2016,53,25/12 - 31/12,3508,80,2.28,16,0.46,62,1.77,99,2.82,2016-12-25,2016-12-31,2016-12-28
2017,1,01/01 - 07/01,3777,100,2.65,21,0.56,70,1.85,105,2.78,2017-01-01,2017-01-07,2017-01-04
2017,2,08/01 - 14/01,3999,99,2.48,14,0.35,98,2.45,112,2.8,2017-01-08,2017-01-14,2017-01-11
2017,3,15/01 - 21/01,3780,93,2.46,21,0.56,71,1.88,90,2.38,2017-01-15,2017-01-21,2017-01-18
2017,4,22/01 - 28/01,3464,102,2.94,11,0.32,76,2.19,78,2.25,2017-01-22,2017-01-28,2017-01-25
2017,5,29/01 - 04/02,4405,114,2.59,15,0.34,88,2.0,97,2.2,2017-01-29,2017-02-04,2017-02-01
2017,6,05/02 - 11/02,4104,124,3.02,14,0.34,90,2.19,93,2.27,2017-02-05,2017-02-11,2017-02-08
2017,7,12/02 - 18/02,4209,140,3.33,12,0.29,99,2.35,80,1.9,2017-02-12,2017-02-18,2017-02-15
2017,8,19/02 - 25/02,4321,139,3.22,24,0.56,113,2.62,83,1.92,2017-02-19,2017-02-25,2017-02-22
2017,9,26/02 - 04/03,4103,110,2.68,17,0.41,110,2.68,65,1.58,2017-02-26,2017-03-04,2017-03-01
2017,10,05/03 - 11/03,4222,131,3.1,20,0.47,109,2.58,70,1.66,2017-03-05,2017-03-11,2017-03-08
2017,11,12/03 - 18/03,4167,172,4.13,18,0.43,122,2.93,93,2.23,2017-03-12,2017-03-18,2017-03-15
2017,12,19/03 - 25/03,4095,131,3.2,14,0.34,125,3.05,67,1.64,2017-03-19,2017-03-25,2017-03-22
2017,13,26/03 - 01/04,4116,117,2.84,9,0.22,125,3.04,72,1.75,2017-03-26,2017-04-01,2017-03-29
2017,14,02/04 - 08/04,4084,98,2.4,14,0.34,141,3.45,76,1.86,2017-04-02,2017-04-08,2017-04-05
2017,15,09/04 - 15/04,3202,54,1.69,8,0.25,85,2.65,44,1.37,2017-04-09,2017-04-15,2017-04-12
2017,16,16/04 - 22/04,4951,98,1.98,25,0.5,144,2.91,77,1.56,2017-04-16,2017-04-22,2017-04-19
2017,17,23/04 - 29/04,3948,51,1.29,15,0.38,115,2.91,53,1.34,2017-04-23,2017-04-29,2017-04-26
2017,18,30/04 - 06/05,4121,51,1.24,10,0.24,101,2.45,57,1.38,2017-04-30,2017-05-06,2017-05-03
2017,19,07/05 - 13/05,4157,53,1.27,16,0.38,106,2.55,49,1.18,2017-05-07,2017-05-13,2017-05-10
2017,20,14/05 - 20/05,4366,44,1.01,17,0.39,109,2.5,56,1.28,2017-05-14,2017-05-20,2017-05-17
2017,21,21/05 - 27/05,4412,55,1.25,14,0.32,107,2.43,53,1.2,2017-05-21,2017-05-27,2017-05-24
2017,22,28/05 - 03/06,4691,41,0.87,20,0.43,90,1.92,51,1.09,2017-05-28,2017-06-03,2017-05-31
2017,23,04/06 - 10/06,4456,30,0.67,21,0.47,95,2.13,44,0.99,2017-06-04,2017-06-10,2017-06-07
2017,24,11/06 - 17/06,4429,26,0.59,20,0.45,97,2.19,48,1.08,2017-06-11,2017-06-17,2017-06-14
2017,25,18/06 - 24/06,4441,22,0.5,23,0.52,70,1.58,48,1.08,2017-06-18,2017-06-24,2017-06-21
2017,26,25/06 - 01/07,4883,26,0.53,15,0.31,80,1.64,43,0.88,2017-06-25,2017-07-01,2017-06-28
2017,27,02/07 - 08/07,6153,25,0.41,28,0.46,71,1.15,51,0.83,2017-07-02,2017-07-08,2017-07-05
2017,28,09/07 - 15/07,6753,22,0.33,31,0.46,62,0.92,66,0.98,2017-07-09,2017-07-15,2017-07-12
2017,29,16/07 - 22/07,6839,21,0.31,34,0.5,60,0.88,58,0.85,2017-07-16,2017-07-22,2017-07-19
2017,30,23/07 - 29/07,6791,3,0.04,23,0.34,44,0.65,46,0.68,2017-07-23,2017-07-29,2017-07-26
2017,31,30/07 - 05/08,5742,4,0.07,14,0.24,15,0.26,27,0.47,2017-07-30,2017-08-05,2017-08-02
2017,32,06/08 - 12/08,5099,7,0.14,18,0.35,25,0.49,34,0.67,2017-08-06,2017-08-12,2017-08-09
2017,33,13/08 - 19/08,4590,3,0.07,5,0.11,22,0.48,18,0.39,2017-08-13,2017-08-19,2017-08-16
2017,34,20/08 - 26/08,4214,6,0.14,12,0.28,19,0.45,19,0.45,2017-08-20,2017-08-26,2017-08-23
2017,35,27/08 - 02/09,3835,6,0.16,15,0.39,17,0.44,19,0.5,2017-08-27,2017-09-02,2017-08-30
2017,36,03/09 - 09/09,3774,4,0.11,15,0.4,11,0.29,10,0.26,2017-09-03,2017-09-09,2017-09-06
2017,37,10/09 - 16/09,4046,5,0.12,18,0.44,13,0.32,21,0.52,2017-09-10,2017-09-16,2017-09-13
2017,38,17/09 - 23/09,4123,6,0.15,8,0.19,26,0.63,22,0.53,2017-09-17,2017-09-23,2017-09-20
2017,39,24/09 - 30/09,3898,7,0.18,19,0.49,35,0.9,21,0.54,2017-09-24,2017-09-30,2017-09-27
2017,40,01/10 - 07/10,3560,6,0.17,16,0.45,26,0.73,26,0.73,2017-10-01,2017-10-07,2017-10-04
2017,41,08/10 - 14/10,3838,6,0.16,32,0.83,41,1.07,24,0.63,2017-10-08,2017-10-14,2017-10-11
2017,42,15/10 - 21/10,3653,10,0.27,17,0.47,48,1.31,31,0.85,2017-10-15,2017-10-21,2017-10-18
2017,43,22/10 - 28/10,3348,15,0.45,30,0.9,41,1.22,20,0.6,2017-10-22,2017-10-28,2017-10-25
2017,44,29/10 - 04/11,4171,19,0.46,29,0.7,53,1.27,37,0.89,2017-10-29,2017-11-04,2017-11-01
2017,45,05/11 - 11/11,3891,14,0.36,27,0.69,67,1.72,27,0.69,2017-11-05,2017-11-11,2017-11-08
2017,46,12/11 - 18/11,3780,9,0.24,32,0.85,62,1.64,30,0.79,2017-11-12,2017-11-18,2017-11-15
2017,47,19/11 - 25/11,3667,10,0.27,31,0.85,81,2.21,30,0.82,2017-11-19,2017-11-25,2017-11-22
2017,48,26/11 - 02/12,3792,16,0.42,28,0.74,81,2.14,37,0.98,2017-11-26,2017-12-02,2017-11-29
2017,49,03/12 - 09/12,3882,21,0.54,28,0.72,72,1.85,41,1.06,2017-12-03,2017-12-09,2017-12-06
2017,50,10/12 - 16/12,4094,16,0.39,23,0.56,96,2.34,39,0.95,2017-12-10,2017-12-16,2017-12-13
2017,51,17/12 - 23/12,4085,19,0.47,23,0.56,88,2.15,48,1.18,2017-12-17,2017-12-23,2017-12-20
2017,52,24/12 - 30/12,4518,20,0.44,29,0.64,114,2.52,34,0.75,2017-12-24,2017-12-30,2017-12-27
2018,1,31/12/2017 - 06/01,4692,22,0.47,24,0.51,114,2.43,49,1.04,2017-12-31,2018-01-06,2018-01-03
2018,2,07/01 - 13/01,5105,32,0.63,44,0.86,151,2.96,53,1.04,2018-01-07,2018-01-13,2018-01-10
2018,3,14/01 - 20/01,7176,44,0.61,28,0.39,181,2.52,65,0.91,2018-01-14,2018-01-20,2018-01-17
2018,4,21/01 - 27/01,7562,47,0.62,25,0.33,173,2.29,67,0.89,2018-01-21,2018-01-27,2018-01-24
2018,5,28/01 - 03/02,7399,43,0.58,36,0.49,178,2.41,72,0.97,2018-01-28,2018-02-03,2018-01-31
2018,6,04/02 - 10/02,8350,35,0.42,23,0.28,145,1.74,89,1.07,2018-02-04,2018-02-10,2018-02-07
2018,7,11/02 - 17/02,6322,21,0.33,12,0.19,119,1.88,45,0.71,2018-02-11,2018-02-17,2018-02-14
2018,8,18/02 - 24/02,9638,48,0.5,18,0.19,207,2.15,83,0.86,2018-02-18,2018-02-24,2018-02-21
2018,9,25/02 - 03/03,7363,36,0.49,21,0.29,133,1.81,63,0.86,2018-02-25,2018-03-03,2018-02-28
2018,10,04/03 - 10/03,6375,44,0.69,20,0.31,141,2.21,57,0.89,2018-03-04,2018-03-10,2018-03-07
2018,11,11/03 - 17/03,5655,30,0.53,13,0.23,141,2.49,57,1.01,2018-03-11,2018-03-17,2018-03-14
2018,12,18/03 - 24/03,5426,34,0.63,17,0.31,125,2.3,41,0.76,2018-03-18,2018-03-24,2018-03-21
2018,13,25/03 - 31/03,3988,26,0.65,9,0.23,96,2.41,50,1.25,2018-03-25,2018-03-31,2018-03-28
2018,14,01/04 - 07/04,5831,43,0.74,16,0.27,157,2.69,39,0.67,2018-04-01,2018-04-07,2018-04-04
2018,15,08/04 - 14/04,4503,17,0.38,13,0.29,118,2.62,45,1.0,2018-04-08,2018-04-14,2018-04-11
2018,16,15/04 - 21/04,4308,23,0.53,6,0.14,119,2.76,40,0.93,2018-04-15,2018-04-21,2018-04-18
2018,17,22/04 - 28/04,4348,20,0.46,12,0.28,116,2.67,48,1.1,2018-04-22,2018-04-28,2018-04-25
2018,18,29/04 - 05/05,4334,16,0.37,16,0.37,84,1.94,30,0.69,2018-04-29,2018-05-05,2018-05-02
2018,19,06/05 - 12/05,4205,29,0.69,11,0.26,105,2.5,28,0.67,2018-05-06,2018-05-12,2018-05-09
2018,20,13/05 - 19/05,4329,35,0.81,11,0.25,134,3.1,57,1.32,2018-05-13,2018-05-19,2018-05-16
2018,21,20/05 - 26/05,4229,30,0.71,9,0.21,134,3.17,58,1.37,2018-05-20,2018-05-26,2018-05-23
2018,22,27/05 - 02/06,4201,33,0.79,18,0.43,119,2.83,57,1.36,2018-05-27,2018-06-02,2018-05-30
2018,23,03/06 - 09/06,4004,24,0.6,15,0.37,92,2.3,64,1.6,2018-06-03,2018-06-09,2018-06-06
2018,24,10/06 - 16/06,4102,19,0.46,17,0.41,95,2.32,68,1.66,2018-06-10,2018-06-16,2018-06-13
2018,25,17/06 - 23/06,3927,20,0.51,14,0.36,82,2.09,65,1.66,2018-06-17,2018-06-23,2018-06-20
2018,26,24/06 - 30/06,3985,14,0.35,15,0.38,97,2.43,81,2.03,2018-06-24,2018-06-30,2018-06-27
2018,27,01/07 - 07/07,3835,22,0.57,25,0.65,91,2.37,63,1.64,2018-07-01,2018-07-07,2018-07-04
2018,28,08/07 - 14/07,3848,26,0.68,9,0.23,86,2.23,65,1.69,2018-07-08,2018-07-14,2018-07-11
2018,29,15/07 - 21/07,4238,18,0.42,15,0.35,75,1.77,83,1.96,2018-07-15,2018-07-21,2018-07-18
2018,30,22/07 - 28/07,4081,19,0.47,23,0.56,40,0.98,66,1.62,2018-07-22,2018-07-28,2018-07-25
2018,31,29/07 - 04/08,4077,27,0.66,17,0.42,30,0.74,38,0.93,2018-07-29,2018-08-04,2018-08-01
2018,32,05/08 - 11/08,4183,24,0.57,10,0.24,23,0.55,46,1.1,2018-08-05,2018-08-11,2018-08-08
2018,33,12/08 - 18/08,4149,12,0.29,18,0.43,28,0.67,51,1.23,2018-08-12,2018-08-18,2018-08-15
2018,34,19/08 - 25/08,4190,10,0.24,19,0.45,20,0.48,48,1.15,2018-08-19,2018-08-25,2018-08-22
2018,35,26/08 - 01/09,4245,7,0.16,15,0.35,33,0.78,45,1.06,2018-08-26,2018-09-01,2018-08-29
2018,36,02/09 - 08/09,4207,13,0.31,8,0.19,19,0.45,38,0.9,2018-09-02,2018-09-08,2018-09-05
2018,37,09/09 - 15/09,4321,16,0.37,8,0.19,20,0.46,43,1.0,2018-09-09,2018-09-15,2018-09-12
2018,38,16/09 - 22/09,3991,17,0.43,12,0.3,24,0.6,29,0.73,2018-09-16,2018-09-22,2018-09-19
2018,39,23/09 - 29/09,4083,13,0.32,9,0.22,15,0.37,40,0.98,2018-09-23,2018-09-29,2018-09-26
2018,40,30/09 - 06/10,4200,22,0.52,17,0.4,18,0.43,55,1.31,2018-09-30,2018-10-06,2018-10-03
2018,41,07/10 - 13/10,4299,25,0.58,18,0.42,25,0.58,45,1.05,2018-10-07,2018-10-13,2018-10-10
2018,42,14/10 - 20/10,4006,13,0.32,8,0.2,24,0.6,46,1.15,2018-10-14,2018-10-20,2018-10-17
2018,43,21/10 - 27/10,4256,25,0.59,13,0.31,28,0.66,44,1.03,2018-10-21,2018-10-27,2018-10-24
2018,44,28/10 - 03/11,4449,36,0.81,12,0.27,51,1.15,49,1.1,2018-10-28,2018-11-03,2018-10-31
2018,45,04/11 - 10/11,4562,42,0.92,13,0.28,42,0.92,76,1.67,2018-11-04,2018-11-10,2018-11-07
2018,46,11/11 - 17/11,4513,54,1.2,20,0.44,51,1.13,85,1.88,2018-11-11,2018-11-17,2018-11-14
2018,47,18/11 - 24/11,4522,55,1.22,21,0.46,64,1.42,85,1.88,2018-11-18,2018-11-24,2018-11-21
2018,48,25/11 - 01/12,4585,60,1.31,22,0.48,66,1.44,80,1.74,2018-11-25,2018-12-01,2018-11-28
2018,49,02/12 - 08/12,5265,76,1.44,27,0.51,91,1.73,113,2.15,2018-12-02,2018-12-08,2018-12-05
2018,50,09/12 - 15/12,4934,64,1.3,29,0.59,126,2.55,95,1.93,2018-12-09,2018-12-15,2018-12-12
2018,51,16/12 - 22/12,5673,83,1.46,26,0.46,121,2.13,105,1.85,2018-12-16,2018-12-22,2018-12-19
2018,52,23/12 - 29/12,5541,71,1.28,32,0.58,110,1.99,100,1.8,2018-12-23,2018-12-29,2018-12-26
2019,1,30/12/2018 - 05/01,6055,73,1.21,44,0.73,98,1.62,70,1.16,2018-12-30,2019-01-05,2019-01-02
2019,2,06/01 - 12/01,7326,89,1.21,35,0.48,118,1.61,75,1.02,2019-01-06,2019-01-12,2019-01-09
2019,3,13/01 - 19/01,7707,92,1.19,31,0.4,110,1.43,90,1.17,2019-01-13,2019-01-19,2019-01-16
2019,4,20/01 - 26/01,7826,86,1.1,38,0.49,104,1.33,65,0.83,2019-01-20,2019-01-26,2019-01-23
2019,5,27/01 - 02/02,7095,70,0.99,29,0.41,83,1.17,64,0.9,2019-01-27,2019-02-02,2019-01-30
2019,6,03/02 - 09/02,6073,62,1.02,18,0.3,81,1.33,48,0.79,2019-02-03,2019-02-09,2019-02-06
2019,7,10/02 - 16/02,6374,50,0.78,29,0.45,77,1.21,39,0.61,2019-02-10,2019-02-16,2019-02-13
2019,8,17/02 - 23/02,6243,50,0.8,20,0.32,96,1.54,36,0.58,2019-02-17,2019-02-23,2019-02-20
2019,9,24/02 - 02/03,6164,59,0.96,17,0.28,80,1.3,39,0.63,2019-02-24,2019-03-02,2019-02-27
2019,10,03/03 - 09/03,5973,48,0.8,29,0.49,79,1.32,26,0.44,2019-03-03,2019-03-09,2019-03-06
2019,11,10/03 - 16/03,5964,55,0.92,32,0.54,81,1.36,34,0.57,2019-03-10,2019-03-16,2019-03-13
2019,12,17/03 - 23/03,6475,80,1.24,18,0.28,108,1.67,46,0.71,2019-03-17,2019-03-23,2019-03-20
2019,13,24/03 - 30/03,6117,69,1.13,23,0.38,91,1.49,27,0.44,2019-03-24,2019-03-30,2019-03-27
2019,14,31/03 - 06/04,5410,65,1.2,26,0.48,106,1.96,28,0.52,2019-03-31,2019-04-06,2019-04-03
2019,15,07/04 - 13/04,6209,61,0.98,24,0.39,124,2.0,26,0.42,2019-04-07,2019-04-13,2019-04-10
2019,16,14/04 - 20/04,4306,43,1.0,18,0.42,108,2.51,18,0.42,2019-04-14,2019-04-20,2019-04-17
2019,17,21/04 - 27/04,6579,62,0.94,32,0.49,161,2.45,35,0.53,2019-04-21,2019-04-27,2019-04-24
2019,18,28/04 - 04/05,5439,56,1.03,29,0.53,156,2.87,18,0.33,2019-04-28,2019-05-04,2019-05-01
2019,19,05/05 - 11/05,5433,44,0.81,14,0.26,133,2.45,18,0.33,2019-05-05,2019-05-11,2019-05-08
2019,20,12/05 - 18/05,5508,40,0.73,15,0.27,141,2.56,16,0.29,2019-05-12,2019-05-18,2019-05-15
2019,21,19/05 - 25/05,5585,48,0.86,22,0.39,165,2.95,11,0.2,2019-05-19,2019-05-25,2019-05-22
2019,22,26/05 - 01/06,5059,39,0.77,13,0.26,149,2.95,16,0.32,2019-05-26,2019-06-01,2019-05-29
2019,23,02/06 - 08/06,4818,34,0.71,16,0.33,140,2.91,18,0.37,2019-06-02,2019-06-08,2019-06-05
2019,24,09/06 - 15/06,5527,58,1.05,15,0.27,156,2.82,14,0.25,2019-06-09,2019-06-15,2019-06-12
2019,25,16/06 - 22/06,5401,46,0.85,10,0.19,129,2.39,8,0.15,2019-06-16,2019-06-22,2019-06-19
2019,26,23/06 - 29/06,5262,33,0.63,21,0.4,110,2.09,12,0.23,2019-06-23,2019-06-29,2019-06-26
2019,27,30/06 - 06/07,4800,43,0.9,18,0.38,94,1.96,16,0.33,2019-06-30,2019-07-06,2019-07-03
2019,28,07/07 - 13/07,5033,33,0.66,25,0.5,101,2.01,17,0.34,2019-07-07,2019-07-13,2019-07-10
2019,29,14/07 - 20/07,5210,10,0.19,33,0.63,83,1.59,23,0.44,2019-07-14,2019-07-20,2019-07-17
2019,30,21/07 - 27/07,4746,18,0.38,29,0.61,63,1.33,11,0.23,2019-07-21,2019-07-27,2019-07-24
2019,31,28/07 - 03/08,4508,19,0.42,16,0.35,41,0.91,12,0.27,2019-07-28,2019-08-03,2019-07-31
2019,32,04/08 - 10/08,4721,5,0.11,17,0.36,54,1.14,12,0.25,2019-08-04,2019-08-10,2019-08-07
2019,33,11/08 - 17/08,4686,6,0.13,26,0.55,42,0.9,12,0.26,2019-08-11,2019-08-17,2019-08-14
2019,34,18/8 - 24/08,4462,10,0.22,19,0.43,39,0.87,12,0.27,2019-08-18,2019-08-24,2019-08-21
2019,35,25/08 - 31/08,4370,9,0.21,26,0.59,44,1.01,15,0.34,2019-08-25,2019-08-31,2019-08-28
2019,36,01/09 - 07/09,4297,13,0.3,10,0.23,24,0.56,10,0.23,2019-09-01,2019-09-07,2019-09-04
2019,37,08/09 - 14/09,4127,22,0.53,16,0.39,31,0.75,16,0.39,2019-09-08,2019-09-14,2019-09-11
2019,38,15/09 - 21/09,5345,24,0.45,22,0.41,49,0.92,19,0.36,2019-09-15,2019-09-21,2019-09-18
2019,39,22/09 - 28/09,4904,23,0.47,45,0.92,29,0.59,23,0.47,2019-09-22,2019-09-28,2019-09-25
2019,40,29/09 - 05/10,4798,25,0.52,60,1.25,41,0.85,31,0.65,2019-09-29,2019-10-05,2019-10-02
2019,41,06/10 - 12/10,4317,24,0.56,38,0.88,39,0.9,41,0.95,2019-10-06,2019-10-12,2019-10-09
2019,42,13/10 - 19/10,4294,23,0.54,41,0.95,43,1.0,23,0.54,2019-10-13,2019-10-19,2019-10-16
2019,43,20/10 - 26/10,4743,33,0.7,53,1.12,40,0.84,38,0.8,2019-10-20,2019-10-26,2019-10-23
2019,44,27/10 - 02/11,4676,45,0.96,42,0.9,45,0.96,44,0.94,2019-10-27,2019-11-02,2019-10-30
2019,45,03/11 - 09/11,4784,52,1.09,77,1.61,46,0.96,61,1.28,2019-11-03,2019-11-09,2019-11-06
2019,46,10/11 - 16/11,4740,56,1.18,79,1.67,56,1.18,72,1.52,2019-11-10,2019-11-16,2019-11-13
2019,47,17/11 - 23/11,4781,41,0.86,70,1.46,63,1.32,53,1.11,2019-11-17,2019-11-23,2019-11-20
2019,48,24/11 - 30/11,4794,37,0.77,74,1.54,43,0.9,48,1.0,2019-11-24,2019-11-30,2019-11-27
2019,49,01/12 - 07/12,4799,44,0.92,60,1.25,41,0.85,44,0.92,2019-12-01,2019-12-07,2019-12-04
2019,50,08/12 - 14/12,5725,68,1.19,61,1.07,51,0.89,63,1.1,2019-12-08,2019-12-14,2019-12-11
2019,51,15/12 - 21/12,5974,60,1.0,81,1.36,47,0.79,90,1.51,2019-12-15,2019-12-21,2019-12-18
2019,52,22/12 - 28/12,5366,82,1.53,58,1.08,51,0.95,74,1.38,2019-12-22,2019-12-28,2019-12-25
2020,1,29/12/2019 - 04/01,,5711,70.0,,61.0,,51.0,,62.0,2019-12-29,2020-01-04,2020-01-01
2020,2,05/01 - 11/01,,6893,94.0,,72.0,,70.0,,72.0,2020-01-05,2020-01-11,2020-01-08
2020,3,12/01 - 18/01,,6342,120.0,,65.0,,71.0,,100.0,2020-01-12,2020-01-18,2020-01-15
2020,4,19/01 - 25/01,,6294,107.0,,55.0,,88.0,,92.0,2020-01-19,2020-01-25,2020-01-22
2020,5,26/01 - 01/02,,7076,127.0,,55.0,,72.0,,81.0,2020-01-26,2020-02-01,2020-01-29
2020,6,02/02 - 08/02,,5650,74.0,,57.0,,45.0,,69.0,2020-02-02,2020-02-08,2020-02-05
2020,7,09/02 - 15/02,,4965,51.0,,35.0,,41.0,,42.0,2020-02-09,2020-02-15,2020-02-12
2020,8,16/02 - 22/02,,299,8.0,,4.0,,7.0,,11.0,2020-02-16,2020-02-22,2020-02-19
2020,9,23/02 - 29/02,,318,10.0,,10.0,,5.0,,7.0,2020-02-23,2020-02-29,2020-02-26
2020,10,01/03 - 07/03,,279,3.0,,4.0,,3.0,,3.0,2020-03-01,2020-03-07,2020-03-04
2020,11,08/03 - 14/03,,321,4.0,,6.0,,8.0,,6.0,2020-03-08,2020-03-14,2020-03-11
2020,12,15/03 - 21/03,,424,6.0,,4.0,,4.0,,9.0,2020-03-15,2020-03-21,2020-03-18
2020,13,22/03 - 28/03,,359,0.0,,6.0,,9.0,,7.0,2020-03-22,2020-03-28,2020-03-25
2020,14,29/03 - 04/04,,243,1.0,,0.0,,2.0,,3.0,2020-03-29,2020-04-04,2020-04-01
2020,15,05/04 - 11/04,,227,0.0,,3.0,,6.0,,4.0,2020-04-05,2020-04-11,2020-04-08
2020,16,12/04 - 18/04,,236,0.0,,4.0,,4.0,,3.0,2020-04-12,2020-04-18,2020-04-15
2020,17,19/04 - 25/04,,243,0.0,,1.0,,4.0,,4.0,2020-04-19,2020-04-25,2020-04-22
2020,18,26/04 - 02/05,,278,0.0,,2.0,,3.0,,2.0,2020-04-26,2020-05-02,2020-04-29
2020,19,03/05 - 09/05,,241,4.0,,1.0,,1.0,,1.0,2020-05-03,2020-05-09,2020-05-06
2020,20,10/05 - 16/05,,316,1.0,,1.0,,1.0,,4.0,2020-05-10,2020-05-16,2020-05-13
2020,21,17/05 - 23/05,,319,1.0,,2.0,,6.0,,3.0,2020-05-17,2020-05-23,2020-05-20
2020,22,24/05 - 30/05,,292,2.0,,1.0,,0.0,,4.0,2020-05-24,2020-05-30,2020-05-27
2020,23,31/05 - 06/06,,345,1.0,,3.0,,3.0,,1.0,2020-05-31,2020-06-06,2020-06-03
2020,24,07/06 - 13/06,,341,2.0,,1.0,,1.0,,3.0,2020-06-07,2020-06-13,2020-06-10
2020,25,14/06 - 20/06,,341,1.0,,3.0,,4.0,,5.0,2020-06-14,2020-06-20,2020-06-17
2020,26,21/06 - 27/06,,342,2.0,,1.0,,4.0,,3.0,2020-06-21,2020-06-27,2020-06-24
2020,27,28/06 - 04/07,,323,0.0,,1.0,,1.0,,4.0,2020-06-28,2020-07-04,2020-07-01
2020,28,05/07 - 11/07,,380,1.0,,2.0,,4.0,,3.0,2020-07-05,2020-07-11,2020-07-08
2020,29,12/07 - 18/07,,369,1.0,,2.0,,2.0,,3.0,2020-07-12,2020-07-18,2020-07-15
2020,30,19/07 - 25/07,,309,1.0,,1.0,,0.0,,1.0,2020-07-19,2020-07-25,2020-07-22
2020,31,26/07 - 01/08,,297,1.0,,0.0,,1.0,,1.0,2020-07-26,2020-08-01,2020-07-29
2020,32,02/08 - 08/08,,259,2.0,,2.0,,1.0,,0.0,2020-08-02,2020-08-08,2020-08-05
2020,33,09/08 - 15/08,,269,0.0,,0.0,,1.0,,0.0,2020-08-09,2020-08-15,2020-08-12
2020,34,16/08 - 22/08,,269,3.0,,1.0,,5.0,,3.0,2020-08-16,2020-08-22,2020-08-19
2020,35,23/08 - 29/08,,294,1.0,,1.0,,3.0,,3.0,2020-08-23,2020-08-29,2020-08-26
2020,36,30/08 - 05/09,,258,0.0,,0.0,,0.0,,2.0,2020-08-30,2020-09-05,2020-09-02
2020,37,06/09 - 12/09,,295,0.0,,2.0,,2.0,,1.0,2020-09-06,2020-09-12,2020-09-09
2020,38,13/09 - 19/09,,327,0.0,,0.0,,1.0,,1.0,2020-09-13,2020-09-19,2020-09-16
2020,39,20/09 - 26/09,,351,0.0,,2.0,,4.0,,3.0,2020-09-20,2020-09-26,2020-09-23
2020,40,27/09 - 03/10,,340,1.0,,1.0,,4.0,,3.0,2020-09-27,2020-10-03,2020-09-30
2020,41,04/10 - 10/10,,363,3.0,,1.0,,2.0,,1.0,2020-10-04,2020-10-10,2020-10-07
2020,42,11/10 - 17/10,,338,3.0,,0.0,,2.0,,4.0,2020-10-11,2020-10-17,2020-10-14
2020,43,18/10 - 24/10,,406,3.0,,1.0,,1.0,,3.0,2020-10-18,2020-10-24,2020-10-21
2020,44,25/10 - 31/10,,426,4.0,,1.0,,4.0,,3.0,2020-10-25,2020-10-31,2020-10-28
2020,45,01/11 - 07/11,,469,2.0,,3.0,,4.0,,4.0,2020-11-01,2020-11-07,2020-11-04
2020,46,08/11 - 14/11,,548,1.0,,0.0,,3.0,,2.0,2020-11-08,2020-11-14,2020-11-11
2020,47,15/11 - 21/11,,523,0.0,,0.0,,0.0,,2.0,2020-11-15,2020-11-21,2020-11-18
2020,48,22/11 - 28/11,,481,1.0,,4.0,,3.0,,3.0,2020-11-22,2020-11-28,2020-11-25
2020,49,29/11 - 05/12,,392,0.0,,1.0,,1.0,,3.0,2020-11-29,2020-12-05,2020-12-02
2020,50,06/12 - 12/12,,332,0.0,,0.0,,0.0,,0.0,2020-12-06,2020-12-12,2020-12-09
2020,51,13/12 - 19/12,,305,0.0,,0.0,,0.0,,0.0,2020-12-13,2020-12-19,2020-12-16
2020,52,20/12 - 26/12,,336,0.0,,0.0,,1.0,,0.0,2020-12-20,2020-12-26,2020-12-23
2021,1,27/12/2020 - 02/01,,368,0.0,,0.0,,2.0,,0.0,2020-12-27,2021-01-02,2020-12-30
2021,2,03/01 - 09/01,,313,0.0,,1.0,,1.0,,1.0,2021-01-03,2021-01-09,2021-01-06
2021,3,10/01 - 16/01,,347,0.0,,0.0,,1.0,,0.0,2021-01-10,2021-01-16,2021-01-13
2021,4,17/01 - 23/01,,407,0.0,,0.0,,2.0,,2.0,2021-01-17,2021-01-23,2021-01-20
2021,5,24/01 - 30/01,,424,1.0,,0.0,,1.0,,2.0,2021-01-24,2021-01-30,2021-01-27
2021,6,31/01 - 06/02,,349,1.0,,0.0,,1.0,,0.0,2021-01-31,2021-02-06,2021-02-03
2021,7,07/02 - 13/02,,380,0.0,,0.0,,1.0,,0.0,2021-02-07,2021-02-13,2021-02-10
2021,8,14/02 - 20/02,,430,1.0,,0.0,,2.0,,1.0,2021-02-14,2021-02-20,2021-02-17
2021,9,21/02 - 27/02,,423,0.0,,0.0,,0.0,,0.0,2021-02-21,2021-02-27,2021-02-24
2021,10,28/02 - 06/03,,403,0.0,,1.0,,0.0,,1.0,2021-02-28,2021-03-06,2021-03-03
2021,11,07/03 - 13/03,,429,0.0,,0.0,,1.0,,2.0,2021-03-07,2021-03-13,2021-03-10
2021,12,14/03 - 20/03,,435,0.0,,1.0,,0.0,,1.0,2021-03-14,2021-03-20,2021-03-17
2021,13,21/03 - 27/03,,417,1.0,,1.0,,1.0,,1.0,2021-03-21,2021-03-27,2021-03-24
2021,14,28/03 - 03/04,,506,2.0,,1.0,,0.0,,0.0,2021-03-28,2021-04-03,2021-03-31
2021,15,04/04 - 10/04,,459,0.0,,0.0,,0.0,,2.0,2021-04-04,2021-04-10,2021-04-07
2021,16,11/04 - 17/04,,489,1.0,,1.0,,0.0,,1.0,2021-04-11,2021-04-17,2021-04-14
2021,17,18/04 - 24/04,,401,1.0,,1.0,,1.0,,2.0,2021-04-18,2021-04-24,2021-04-21
2021,18,25/04 - 01/05,,300,1.0,,0.0,,0.0,,2.0,2021-04-25,2021-05-01,2021-04-28
2021,19,02/05 - 08/05,,279,1.0,,0.0,,1.0,,1.0,2021-05-02,2021-05-08,2021-05-05
2021,20,09/05 - 15/05,,257,0.0,,0.0,,1.0,,0.0,2021-05-09,2021-05-15,2021-05-12
2021,21,16/05 - 22/05,,174,0.0,,0.0,,0.0,,0.0,2021-05-16,2021-05-22,2021-05-19
2021,22,23/05 - 29/05,,154,0.0,,0.0,,1.0,,0.0,2021-05-23,2021-05-29,2021-05-26
2021,23,30/05 - 05/06,,152,0.0,,0.0,,1.0,,0.0,2021-05-30,2021-06-05,2021-06-02
2021,24,06/06 - 12/06,,135,0.0,,0.0,,0.0,,0.0,2021-06-06,2021-06-12,2021-06-09
2021,25,13/06 - 19/06,,131,0.0,,0.0,,0.0,,1.0,2021-06-13,2021-06-19,2021-06-16
2021,26,20/06 - 26/06,,142,0.0,,0.0,,0.0,,0.0,2021-06-20,2021-06-26,2021-06-23
2021,27,27/06 - 03/07,,146,0.0,,0.0,,0.0,,0.0,2021-06-27,2021-07-03,2021-06-30
2021,28,04/07 - 10/07,,153,0.0,,0.0,,0.0,,0.0,2021-07-04,2021-07-10,2021-07-07
2021,29,11/07 - 17/07,,136,0.0,,0.0,,0.0,,0.0,2021-07-11,2021-07-17,2021-07-14
2021,30,18/07 - 24/07,,155,0.0,,0.0,,0.0,,0.0,2021-07-18,2021-07-24,2021-07-21
2021,31,25/07 - 31/07,,160,0.0,,0.0,,0.0,,0.0,2021-07-25,2021-07-31,2021-07-28
2021,32,01/08 - 07/08,,135,0.0,,0.0,,0.0,,0.0,2021-08-01,2021-08-07,2021-08-04
2021,33,08/08 - 14/08,,154,0.0,,0.0,,0.0,,0.0,2021-08-08,2021-08-14,2021-08-11
2021,34,15/08 - 21/08,,144,0.0,,0.0,,0.0,,0.0,2021-08-15,2021-08-21,2021-08-18
2021,35,22/08 - 28/08,,155,0.0,,0.0,,0.0,,0.0,2021-08-22,2021-08-28,2021-08-25
2021,36,29/08 - 04/09,,150,0.0,,0.0,,0.0,,0.0,2021-08-29,2021-09-04,2021-09-01
2021,37,05/09 - 11/09,,181,0.0,,0.0,,0.0,,1.0,2021-09-05,2021-09-11,2021-09-08
2021,38,12/09 - 18/09,,203,0.0,,0.0,,0.0,,0.0,2021-09-12,2021-09-18,2021-09-15
2021,39,19/09 - 25/09,,214,0.0,,0.0,,0.0,,0.0,2021-09-19,2021-09-25,2021-09-22
2021,40,26/09 - 02/10,,250,0.0,,0.0,,0.0,,0.0,2021-09-26,2021-10-02,2021-09-29
2021,41,03/10 - 09/10,,246,0.0,,1.0,,0.0,,0.0,2021-10-03,2021-10-09,2021-10-06
2021,42,10/10 - 16/10,,304,0.0,,0.0,,1.0,,0.0,2021-10-10,2021-10-16,2021-10-13
2021,43,17/10 - 23/10,,308,0.0,,0.0,,4.0,,0.0,2021-10-17,2021-10-23,2021-10-20
2021,44,24/10 - 30/10,,328,0.0,,0.0,,12.0,,1.0,2021-10-24,2021-10-30,2021-10-27
2021,45,31/10 - 06/11,,344,0.0,,0.0,,16.0,,0.0,2021-10-31,2021-11-06,2021-11-03
2021,46,07/11 - 13/11,,298,0.0,,0.0,,19.0,,0.0,2021-11-07,2021-11-13,2021-11-10
2021,47,14/11 - 20/11,,342,0.0,,0.0,,40.0,,0.0,2021-11-14,2021-11-20,2021-11-17
2021,48,21/11 - 27/11,,360,0.0,,0.0,,56.0,,0.0,2021-11-21,2021-11-27,2021-11-24
2021,49,28/11 - 04/12,,395,1.0,,0.0,,84.0,,0.0,2021-11-28,2021-12-04,2021-12-01
2021,50,05/12 - 11/12,,418,0.0,,0.0,,68.0,,0.0,2021-12-05,2021-12-11,2021-12-08
2021,51,12/12 - 18/12,,413,0.0,,0.0,,70.0,,0.0,2021-12-12,2021-12-18,2021-12-15
2021,52,19/12 - 25/12,,534,0.0,,0.0,,97.0,,0.0,2021-12-19,2021-12-25,2021-12-22
2022,1,26/12/2021 - 01/01,,462,0.0,,0.0,,89.0,,0.0,2021-12-26,2022-01-01,2021-12-29
2022,2,02/01 - 08/01,,585,0.0,,0.0,,79.0,,0.0,2022-01-02,2022-01-08,2022-01-05
2022,3,09/01 - 15/01,,563,0.0,,0.0,,87.0,,0.0,2022-01-09,2022-01-15,2022-01-12
2022,4,16/01 - 22/01,,443,0.0,,0.0,,55.0,,0.0,2022-01-16,2022-01-22,2022-01-19
2022,5,23/01 - 29/01,,450,1.0,,0.0,,25.0,,0.0,2022-01-23,2022-01-29,2022-01-26
2022,6,30/01 - 05/02,,430,0.0,,0.0,,11.0,,0.0,2022-01-30,2022-02-05,2022-02-02
2022,7,06/02 - 12/02,,488,0.0,,0.0,,6.0,,0.0,2022-02-06,2022-02-12,2022-02-09
2022,8,13/02 - 19/02,,786,0.0,,0.0,,7.0,,0.0,2022-02-13,2022-02-19,2022-02-16
2022,9,20/02 - 26/02,,881,0.0,,0.0,,8.0,,0.0,2022-02-20,2022-02-26,2022-02-23
2022,10,27/02 - 05/03,,777,0.0,,0.0,,5.0,,0.0,2022-02-27,2022-03-05,2022-03-02
2022,11,06/03 - 12/03,,594,0.0,,0.0,,6.0,,0.0,2022-03-06,2022-03-12,2022-03-09
2022,12,13/03 - 19/03,,403,0.0,,0.0,,1.0,,2.0,2022-03-13,2022-03-19,2022-03-16
2022,13,20/03 - 26/03,,290,0.0,,0.0,,0.0,,0.0,2022-03-20,2022-03-26,2022-03-23
2022,14,27/03 - 02/04,,297,0.0,,0.0,,0.0,,0.0,2022-03-27,2022-04-02,2022-03-30
2022,15,03/04 - 09/04,,246,0.0,,0.0,,0.0,,0.0,2022-04-03,2022-04-09,2022-04-06
2022,16,10/04 - 16/04,,280,0.0,,0.0,,0.0,,0.0,2022-04-10,2022-04-16,2022-04-13
2022,17,17/04 - 23/04,,279,0.0,,0.0,,1.0,,0.0,2022-04-17,2022-04-23,2022-04-20
2022,18,24/04 - 30/04,,363,0.0,,0.0,,1.0,,0.0,2022-04-24,2022-04-30,2022-04-27
2022,19,01/05 - 07/05,,391,0.0,,0.0,,0.0,,0.0,2022-05-01,2022-05-07,2022-05-04
2022,20,08/05 - 14/05,,392,0.0,,0.0,,0.0,,0.0,2022-05-08,2022-05-14,2022-05-11
2022,21,15/05 - 21/05,,412,0.0,,0.0,,2.0,,0.0,2022-05-15,2022-05-21,2022-05-18
2022,22,22/05 - 28/05,,396,0.0,,0.0,,0.0,,2.0,2022-05-22,2022-05-28,2022-05-25
2022,23,29/05 - 04/06,,423,0.0,,0.0,,0.0,,1.0,2022-05-29,2022-06-04,2022-06-01
2022,24,05/06 - 11/06,,641,0.0,,0.0,,0.0,,3.0,2022-06-05,2022-06-11,2022-06-08
2022,25,12/06 - 18/06,,623,0.0,,0.0,,1.0,,5.0,2022-06-12,2022-06-18,2022-06-15
2022,26,19/06 - 25/06,,763,0.0,,1.0,,0.0,,2.0,2022-06-19,2022-06-25,2022-06-22
2022,27,26/06 - 02/07,,617,0.0,,0.0,,0.0,,3.0,2022-06-26,2022-07-02,2022-06-29
2022,28,03/07 - 09/07,,829,0.0,,0.0,,0.0,,6.0,2022-07-03,2022-07-09,2022-07-06
2022,29,10/07 - 16/07,,654,0.0,,0.0,,1.0,,7.0,2022-07-10,2022-07-16,2022-07-13
2022,30,17/07 - 23/07,,516,0.0,,1.0,,1.0,,5.0,2022-07-17,2022-07-23,2022-07-20
2022,31,24/07 - 30/07,,537,0.0,,0.0,,0.0,,2.0,2022-07-24,2022-07-30,2022-07-27
2022,32,31/07 - 06/08,,544,0.0,,1.0,,0.0,,0.0,2022-07-31,2022-08-06,2022-08-03
2022,33,07/08 - 13/08,,569,0.0,,0.0,,0.0,,2.0,2022-08-07,2022-08-13,2022-08-10
2022,34,14/08 - 20/08,,634,0.0,,0.0,,1.0,,2.0,2022-08-14,2022-08-20,2022-08-17
2022,35,21/08 - 27/08,,658,0.0,,0.0,,2.0,,1.0,2022-08-21,2022-08-27,2022-08-24
2022,36,28/08 - 03/09,,707,1.0,,0.0,,0.0,,2.0,2022-08-28,2022-09-03,2022-08-31
2022,37,04/09 - 10/09,,625,0.0,,2.0,,0.0,,2.0,2022-09-04,2022-09-10,2022-09-07
2022,38,11/09 - 17/09,,552,0.0,,0.0,,0.0,,1.0,2022-09-11,2022-09-17,2022-09-14
2022,39,18/09 - 24/09,,588,0.0,,0.0,,0.0,,0.0,2022-09-18,2022-09-24,2022-09-21
2022,40,25/09 - 01/10,,448,0.0,,0.0,,0.0,,0.0,2022-09-25,2022-10-01,2022-09-28
2022,41,02/10 - 08/10,,577,1.0,,0.0,,0.0,,2.0,2022-10-02,2022-10-08,2022-10-05
2022,42,09/10 - 15/10,,694,0.0,,0.0,,1.0,,2.0,2022-10-09,2022-10-15,2022-10-12
2022,43,16/10 - 22/10,,617,0.0,,0.0,,1.0,,5.0,2022-10-16,2022-10-22,2022-10-19
2022,44,23/10 - 29/10,,626,0.0,,0.0,,1.0,,3.0,2022-10-23,2022-10-29,2022-10-26
2022,45,30/10 - 05/11,,564,1.0,,0.0,,4.0,,6.0,2022-10-30,2022-11-05,2022-11-02
2022,46,06/11 - 12/11,,587,0.0,,0.0,,4.0,,4.0,2022-11-06,2022-11-12,2022-11-09
2022,47,13/11 - 19/11,,664,0.0,,1.0,,2.0,,6.0,2022-11-13,2022-11-19,2022-11-16
2022,48,20/11 - 26/11,,657,0.0,,0.0,,2.0,,7.0,2022-11-20,2022-11-26,2022-11-23
2022,49,27/11 - 03/12,,667,2.0,,1.0,,8.0,,12.0,2022-11-27,2022-12-03,2022-11-30
2022,50,04/12 - 10/12,,694,0.0,,2.0,,6.0,,10.0,2022-12-04,2022-12-10,2022-12-07
2022,51,11/12 - 17/12,,656,1.0,,0.0,,18.0,,4.0,2022-12-11,2022-12-17,2022-12-14
2022,52,18/12 - 24/12,,774,1.0,,0.0,,12.0,,1.0,2022-12-18,2022-12-24,2022-12-21
2022,53,25/12 - 31/12,,1460,1.0,,0.0,,6.0,,2.0,2022-12-25,2022-12-31,2022-12-28
2023,1,01/01 - 07/01,1724,0,0.0,0,0.0,3,0.17,0,0.0,2023-01-01,2023-01-07,2023-01-04
2023,2,08/01 - 14/01,3143,0,0.0,0,0.0,13,0.41,2,0.06,2023-01-08,2023-01-14,2023-01-11
2023,3,15/01 - 21/01,2455,0,0.0,0,0.0,7,0.29,1,0.04,2023-01-15,2023-01-21,2023-01-18
2023,4,22/01 - 28/01,1465,0,0.0,0,0.0,10,0.68,2,0.14,2023-01-22,2023-01-28,2023-01-25
2023,5,29/01 - 04/02,1814,0,0.0,0,0.0,14,0.77,1,0.06,2023-01-29,2023-02-04,2023-02-01
2023,6,05/02 - 11/02,1859,0,0.0,0,0.0,23,1.24,1,0.05,2023-02-05,2023-02-11,2023-02-08
2023,7,12/02 - 18/02,1725,0,0.0,0,0.0,25,1.45,2,0.12,2023-02-12,2023-02-18,2023-02-15
2023,8,19/02 - 25/02,1651,1,0.06,0,0.0,21,1.27,3,0.18,2023-02-19,2023-02-25,2023-02-22
2023,9,26/02 - 04/03,1442,1,0.07,1,0.07,18,1.25,1,0.07,2023-02-26,2023-03-04,2023-03-01
2023,10,05/03 - 11/03,1512,1,0.07,0,0.0,27,1.79,0,0.0,2023-03-05,2023-03-11,2023-03-08
2023,11,12/03 - 18/03,1705,4,0.23,0,0.0,36,2.11,0,0.0,2023-03-12,2023-03-18,2023-03-15
2023,12,19/03 - 25/03,2102,2,0.1,0,0.0,49,2.33,0,0.0,2023-03-19,2023-03-25,2023-03-22
2023,13,26/03 - 01/04,2412,4,0.17,0,0.0,59,2.45,2,0.08,2023-03-26,2023-04-01,2023-03-29
2023,14,02/04 - 08/04,2886,2,0.07,0,0.0,71,2.46,2,0.07,2023-04-02,2023-04-08,2023-04-05
2023,15,09/04 - 15/04,5426,10,0.18,1,0.02,134,2.47,13,0.24,2023-04-09,2023-04-15,2023-04-12
2023,16,16/04 - 22/04,6784,11,0.16,1,0.01,94,1.39,12,0.18,2023-04-16,2023-04-22,2023-04-19
2023,17,23/04 - 29/04,7598,9,0.12,2,0.03,86,1.13,12,0.16,2023-04-23,2023-04-29,2023-04-26
2023,18,30/04 - 06/05,7832,19,0.24,0,0.0,72,0.92,14,0.18,2023-04-30,2023-05-06,2023-05-03
2023,19,07/05 - 13/05,8464,13,0.15,3,0.04,40,0.47,17,0.2,2023-05-07,2023-05-13,2023-05-10
2023,20,14/05 - 20/05,8440,25,0.3,1,0.01,56,0.66,18,0.21,2023-05-14,2023-05-20,2023-05-17
2023,21,21/05 - 27/05,8268,14,0.17,1,0.01,61,0.74,14,0.17,2023-05-21,2023-05-27,2023-05-24
2023,22,28/05 - 03/06,7245,20,0.28,2,0.03,67,0.92,27,0.37,2023-05-28,2023-06-03,2023-05-31
2023,23,04/06 - 10/06,4949,8,0.16,2,0.04,34,0.69,28,0.57,2023-06-04,2023-06-10,2023-06-07
2023,24,11/06 - 17/06,5304,11,0.21,1,0.02,30,0.57,43,0.81,2023-06-11,2023-06-17,2023-06-14
2023,25,18/06 - 24/06,4700,17,0.36,0,0.0,31,0.66,53,1.13,2023-06-18,2023-06-24,2023-06-21
2023,26,25/06 - 01/07,5103,20,0.39,1,0.02,36,0.71,54,1.06,2023-06-25,2023-07-01,2023-06-28
2023,27,02/07 - 08/07,4697,15,0.32,1,0.02,22,0.47,54,1.15,2023-07-02,2023-07-08,2023-07-05
2023,28,09/07 - 15/07,4620,9,0.19,1,0.02,21,0.45,37,0.8,2023-07-09,2023-07-15,2023-07-12
2023,29,16/07 - 22/07,5085,11,0.22,1,0.02,26,0.51,32,0.63,2023-07-16,2023-07-22,2023-07-19
2023,30,23/07 - 29/07,5211,1,0.02,0,0.0,18,0.35,26,0.5,2023-07-23,2023-07-29,2023-07-26
2023,31,30/07 - 05/08,5050,10,0.2,2,0.04,18,0.36,15,0.3,2023-07-30,2023-08-05,2023-08-02
2023,32,06/08 - 12/08,5135,3,0.06,1,0.02,11,0.21,12,0.23,2023-08-06,2023-08-12,2023-08-09
2023,33,13/08 - 19/08,5385,8,0.15,2,0.04,13,0.24,12,0.22,2023-08-13,2023-08-19,2023-08-16
2023,34,20/08 - 26/08,5461,7,0.13,0,0.0,28,0.51,7,0.13,2023-08-20,2023-08-26,2023-08-23
2023,35,27/08 - 02/09,4378,5,0.11,0,0.0,15,0.34,7,0.16,2023-08-27,2023-09-02,2023-08-30
2023,36,03/09 - 09/09,6732,10,0.15,3,0.04,33,0.49,6,0.09,2023-09-03,2023-09-09,2023-09-06
2023,37,10/09 - 16/09,6399,6,0.09,3,0.05,24,0.38,5,0.08,2023-09-10,2023-09-16,2023-09-13
2023,38,17/09 - 23/09,6569,13,0.2,4,0.06,39,0.59,8,0.12,2023-09-17,2023-09-23,2023-09-20
2023,39,24/09 - 30/09,6329,12,0.19,5,0.08,28,0.44,13,0.21,2023-09-24,2023-09-30,2023-09-27
2023,40,01/10 - 07/10,7204,9,0.12,3,0.04,43,0.6,18,0.25,2023-10-01,2023-10-07,2023-10-04
2023,41,08/10 - 14/10,5804,11,0.19,4,0.07,24,0.41,12,0.21,2023-10-08,2023-10-14,2023-10-11
2023,42,15/10 - 21/10,5909,8,0.14,0,0.0,29,0.49,9,0.15,2023-10-15,2023-10-21,2023-10-18
2023,43,22/10 - 28/10,5549,16,0.29,3,0.05,40,0.72,5,0.09,2023-10-22,2023-10-28,2023-10-25
2023,44,29/10 - 04/11,6306,66,1.05,13,0.21,49,0.78,21,0.33,2023-10-29,2023-11-04,2023-11-01
2023,45,05/11 - 11/11,6188,96,1.55,13,0.21,70,1.13,25,0.4,2023-11-05,2023-11-11,2023-11-08
2023,46,12/11 - 18/11,5494,59,1.07,8,0.15,70,1.27,14,0.25,2023-11-12,2023-11-18,2023-11-15
2023,47,19/11 - 25/11,6027,45,0.75,10,0.17,79,1.31,20,0.33,2023-11-19,2023-11-25,2023-11-22
2023,48,26/11 - 02/12,5929,60,1.01,10,0.17,57,0.96,29,0.49,2023-11-26,2023-12-02,2023-11-29
2023,49,03/12 - 09/12,5828,66,1.13,6,0.1,75,1.29,25,0.43,2023-12-03,2023-12-09,2023-12-06
2023,50,10/12 - 16/12,5882,52,0.88,6,0.1,87,1.48,17,0.29,2023-12-10,2023-12-16,2023-12-13
2023,51,17/12 - 23/12,5442,33,0.61,9,0.17,73,1.34,12,0.22,2023-12-17,2023-12-23,2023-12-20
2023,52,24/12 - 30/12,6642,29,0.44,3,0.05,97,1.46,18,0.27,2023-12-24,2023-12-30,2023-12-27
2024,1,31/12/2023 - 06/01,7106,37,0.52,11,0.15,79,1.11,14,0.2,2023-12-31,2024-01-06,2024-01-03
2024,2,07/01 - 13/01,7401,24,0.32,11,0.15,90,1.22,17,0.23,2024-01-07,2024-01-13,2024-01-10
2024,3,14/01 - 20/01,6736,23,0.34,9,0.13,70,1.04,15,0.22,2024-01-14,2024-01-20,2024-01-17
2024,4,21/01 - 27/01,6584,22,0.33,6,0.09,81,1.23,9,0.14,2024-01-21,2024-01-27,2024-01-24
2024,5,28/01 - 03/02,7127,17,0.24,4,0.06,64,0.9,14,0.2,2024-01-28,2024-02-03,2024-01-31
2024,6,04/02 - 10/02,6478,15,0.23,2,0.03,78,1.2,4,0.06,2024-02-04,2024-02-10,2024-02-07
2024,7,11/02 - 17/02,7960,14,0.18,4,0.05,91,1.14,8,0.1,2024-02-11,2024-02-17,2024-02-14
2024,8,18/02 - 24/02,8766,14,0.16,5,0.06,105,1.2,12,0.14,2024-02-18,2024-02-24,2024-02-21
2024,9,25/02 - 02/03,7842,6,0.08,1,0.01,122,1.56,4,0.05,2024-02-25,2024-03-02,2024-02-28
2024,10,03/03 - 09/03,8436,8,0.09,7,0.08,87,1.03,5,0.06,2024-03-03,2024-03-09,2024-03-06
2024,11,10/03 - 16/03,8416,6,0.07,2,0.02,88,1.05,11,0.13,2024-03-10,2024-03-16,2024-03-13
2024,12,17/03 - 23/03,8834,10,0.11,1,0.01,83,0.94,10,0.11,2024-03-17,2024-03-23,2024-03-20
2024,13,24/03 - 30/03,7999,9,0.11,4,0.05,95,1.19,3,0.04,2024-03-24,2024-03-30,2024-03-27
2024,14,31/03 - 06/04,7983,6,0.08,3,0.04,88,1.1,7,0.09,2024-03-31,2024-04-06,2024-04-03
2024,15,07/04 - 13/04,7652,2,0.03,4,0.05,94,1.23,4,0.05,2024-04-07,2024-04-13,2024-04-10
2024,16,14/04 - 20/04,8096,5,0.06,4,0.05,98,1.21,11,0.14,2024-04-14,2024-04-20,2024-04-17
2024,17,21/04 - 27/04,8657,9,0.1,1,0.01,90,1.04,9,0.1,2024-04-21,2024-04-27,2024-04-24
2024,18,28/04 - 04/05,9217,4,0.04,5,0.05,116,1.26,7,0.08,2024-04-28,2024-05-04,2024-05-01
2024,19,05/05 -11/05,8935,1,0.01,6,0.07,99,1.11,6,0.07,2024-05-05,2024-05-11,2024-05-08
2024,20,12/05 - 18/05,8667,1,0.01,3,0.03,85,0.98,6,0.07,2024-05-12,2024-05-18,2024-05-15
2024,21,19/05 - 25/05,8277,1,0.01,3,0.04,91,1.1,8,0.1,2024-05-19,2024-05-25,2024-05-22
2024,22,26/05 - 01/06,8063,3,0.04,3,0.04,97,1.2,9,0.11,2024-05-26,2024-06-01,2024-05-29
2024,23,02/06 - 08/06,7278,2,0.03,1,0.01,103,1.42,7,0.1,2024-06-02,2024-06-08,2024-06-05
2024,24,09/06 - 15/06,7323,1,0.01,3,0.04,66,0.9,3,0.04,2024-06-09,2024-06-15,2024-06-12
2024,25,16/06 - 22/06,7747,1,0.01,9,0.12,90,1.16,7,0.09,2024-06-16,2024-06-22,2024-06-19
2024,26,23/06 - 29/06,8400,4,0.05,23,0.27,89,1.06,3,0.04,2024-06-23,2024-06-29,2024-06-26
2024,27,30/06 - 06/07,7734,4,0.05,26,0.34,97,1.25,11,0.14,2024-06-30,2024-07-06,2024-07-03
2024,28,07/07 - 13/07,7929,5,0.06,27,0.34,93,1.17,9,0.11,2024-07-07,2024-07-13,2024-07-10
2024,29,14/07 - 20/07,7508,10,0.13,8,0.11,79,1.05,11,0.15,2024-07-14,2024-07-20,2024-07-17
2024,30,21/07 - 27/07,8128,10,0.12,15,0.18,61,0.75,12,0.15,2024-07-21,2024-07-27,2024-07-24
2024,31,28/07 - 03/08,7711,6,0.08,13,0.17,68,0.88,8,0.1,2024-07-28,2024-08-03,2024-07-31
2024,32,04/08 - 10/08,8051,5,0.06,7,0.09,41,0.51,7,0.09,2024-08-04,2024-08-10,2024-08-07
2024,33,11/08 - 17/08,7303,0,0.0,14,0.19,20,0.27,5,0.07,2024-08-11,2024-08-17,2024-08-14
2024,34,18/08 - 24/08,7208,3,0.04,10,0.14,46,0.64,7,0.1,2024-08-18,2024-08-24,2024-08-21
2024,35,25/08 - 31/08,7458,1,0.01,7,0.09,23,0.31,6,0.08,2024-08-25,2024-08-31,2024-08-28
2024,36,01/09 - 07/09,7061,6,0.08,9,0.13,23,0.33,6,0.08,2024-09-01,2024-09-07,2024-09-04
2024,37,08/09 - 14/09,6882,2,0.03,6,0.09,13,0.19,4,0.06,2024-09-08,2024-09-14,2024-09-11
2024,38,15/09 - 21/09,6890,4,0.06,4,0.06,22,0.32,8,0.12,2024-09-15,2024-09-21,2024-09-18
2024,39,22/09 - 28/09,6992,8,0.11,15,0.21,19,0.27,9,0.13,2024-09-22,2024-09-28,2024-09-25
2024,40,29/09 - 05/10,6707,8,0.12,14,0.21,11,0.16,18,0.27,2024-09-29,2024-10-05,2024-10-02
2024,41,06/10 - 12/10,6448,7,0.11,22,0.34,16,0.25,16,0.25,2024-10-06,2024-10-12,2024-10-09
2024,42,13/10 - 19/10,6836,8,0.12,10,0.15,14,0.2,20,0.29,2024-10-13,2024-10-19,2024-10-16
2024,43,20/10 - 26/10,6430,9,0.14,7,0.11,20,0.31,21,0.33,2024-10-20,2024-10-26,2024-10-23
2024,44,27/10 - 02/11,6688,12,0.18,10,0.15,19,0.28,20,0.3,2024-10-27,2024-11-02,2024-10-30
2024,45,03/11 - 09/11,6674,14,0.21,12,0.18,21,0.31,23,0.34,2024-11-03,2024-11-09,2024-11-06
2024,46,10/11 - 16/11,7007,24,0.34,13,0.19,28,0.4,39,0.56,2024-11-10,2024-11-16,2024-11-13
2024,47,17/11 - 23/11,6825,18,0.26,7,0.1,27,0.4,38,0.56,2024-11-17,2024-11-23,2024-11-20
2024,48,24/11 - 30/11,7082,27,0.38,10,0.14,27,0.38,53,0.75,2024-11-24,2024-11-30,2024-11-27
2024,49,01/12 - 07/12,7751,49,0.63,17,0.22,43,0.55,57,0.74,2024-12-01,2024-12-07,2024-12-04
2024,50,08/12 - 14/12,7638,40,0.52,10,0.13,39,0.51,62,0.81,2024-12-08,2024-12-14,2024-12-11
2024,51,15/12 - 21/12,7604,39,0.51,8,0.11,29,0.38,60,0.79,2024-12-15,2024-12-21,2024-12-18
2024,52,22/12 - 28/12,8037,49,0.61,10,0.12,46,0.57,55,0.68,2024-12-22,2024-12-28,2024-12-25
2025,1,29/12/2024 - 04/01,8424,51,0.61,9,0.11,42,0.5,57,0.68,2024-12-29,2025-01-04,2025-01-01
2025,2,05/01 - 11/01,8864,51,0.58,11,0.12,44,0.5,62,0.7,2025-01-05,2025-01-11,2025-01-08
2025,3,12/01 - 18/01,9016,48,0.53,11,0.12,30,0.33,85,0.94,2025-01-12,2025-01-18,2025-01-15
2025,4,19/01 - 25/01,9353,41,0.44,7,0.07,47,0.5,54,0.58,2025-01-19,2025-01-25,2025-01-22
2025,5,26/01 - 01/02,7715,33,0.43,7,0.09,33,0.43,55,0.71,2025-01-26,2025-02-01,2025-01-29
2025,6,02/02 - 08/02,10016,49,0.49,16,0.16,42,0.42,59,0.59,2025-02-02,2025-02-08,2025-02-05
2025,7,09/02 - 15/02,9196,38,0.41,12,0.13,44,0.48,62,0.67,2025-02-09,2025-02-15,2025-02-12
2025,8,16/02 - 22/02,8794,34,0.39,12,0.14,42,0.48,56,0.64,2025-02-16,2025-02-22,2025-02-19
2025,9,23/02 - 01/03,8100,45,0.56,5,0.06,34,0.42,45,0.56,2025-02-23,2025-03-01,2025-02-26
2025,10,02/03 - 08/03,8236,40,0.49,5,0.06,47,0.57,58,0.7,2025-03-02,2025-03-08,2025-03-05
2025,11,09/03 - 15/03,8146,56,0.69,6,0.07,54,0.66,40,0.49,2025-03-09,2025-03-15,2025-03-12
2025,12,16/03 - 22/03,7782,48,0.62,2,0.03,44,0.57,43,0.55,2025-03-16,2025-03-22,2025-03-19
2025,13,23/03 - 29/03,8620,46,0.53,4,0.05,43,0.5,42,0.49,2025-03-23,2025-03-29,2025-03-26
2025,14,30/03 - 05/04,7420,46,0.62,5,0.07,33,0.44,40,0.54,2025-03-30,2025-04-05,2025-04-02
2025,15,06/04 - 12/04,8648,49,0.57,7,0.08,41,0.47,35,0.4,2025-04-06,2025-04-12,2025-04-09
2025,16,13/04 - 19/04,8507,44,0.52,4,0.05,39,0.46,28,0.33,2025-04-13,2025-04-19,2025-04-16
2025,17,20/04 - 26/04,8879,45,0.51,3,0.03,37,0.42,35,0.39,2025-04-20,2025-04-26,2025-04-23
2025,18,27/04 - 03/05,8468,31,0.37,2,0.02,39,0.46,20,0.24,2025-04-27,2025-05-03,2025-04-30
2025,19,04/05 - 10/05,8819,27,0.31,5,0.06,47,0.53,21,0.24,2025-05-04,2025-05-10,2025-05-07
2025,20,11/05 - 17/05,8797,33,0.38,2,0.02,45,0.51,23,0.26,2025-05-11,2025-05-17,2025-05-14
2025,21,18/05 - 24/05,8869,17,0.19,8,0.09,38,0.43,28,0.32,2025-05-18,2025-05-24,2025-05-21
2025,22,25/05 - 31/05,8238,16,0.19,4,0.05,37,0.45,37,0.45,2025-05-25,2025-05-31,2025-05-28
2025,23,01/06 - 07/06,8111,22,0.27,7,0.09,47,0.58,16,0.2,2025-06-01,2025-06-07,2025-06-04
2025,24,08/06 - 14/06,7901,11,0.14,3,0.04,34,0.43,28,0.35,2025-06-08,2025-06-14,2025-06-11
2025,25,15/06 - 21/06,7487,11,0.15,6,0.08,36,0.48,18,0.24,2025-06-15,2025-06-21,2025-06-18
2025,26,22/06 - 28/06,7532,18,0.24,3,0.04,52,0.69,19,0.25,2025-06-22,2025-06-28,2025-06-25
2025,27,29/06 - 05/07,7226,12,0.17,11,0.15,25,0.35,16,0.22,2025-06-29,2025-07-05,2025-07-02
2025,28,06/07 - 12/07,7497,16,0.21,2,0.03,42,0.56,20,0.27,2025-07-06,2025-07-12,2025-07-09
2025,29,13/07 - 19/07,7522,10,0.13,6,0.08,38,0.51,15,0.2,2025-07-13,2025-07-19,2025-07-16
2025,30,20/07 - 26/07,7409,8,0.11,9,0.12,47,0.63,21,0.28,2025-07-20,2025-07-26,2025-07-23
2025,31,27/07 - 02/08,7764,3,0.04,6,0.08,41,0.53,12,0.15,2025-07-27,2025-08-02,2025-07-30
2025,32,03/08 - 09/08,7303,10,0.14,4,0.05,36,0.49,14,0.19,2025-08-03,2025-08-09,2025-08-06
2025,33,10/08 - 16/08,7913,11,0.14,4,0.05,25,0.32,10,0.13,2025-08-10,2025-08-16,2025-08-13
2025,34,17/08 - 23/08,8047,12,0.15,5,0.06,28,0.35,16,0.2,2025-08-17,2025-08-23,2025-08-20
2025,35,24/08 - 30/08,8458,6,0.07,12,0.14,32,0.38,16,0.19,2025-08-24,2025-08-30,2025-08-27
2025,36,31/08 - 06/09,7996,5,0.06,12,0.15,23,0.29,16,0.2,2025-08-31,2025-09-06,2025-09-03
2025,37,07/09 - 13/09,8194,6,0.07,7,0.09,21,0.26,15,0.18,2025-09-07,2025-09-13,2025-09-10
2025,38,14/09 - 20/09,8459,10,0.12,9,0.11,17,0.2,18,0.21,2025-09-14,2025-09-20,2025-09-17
2025,39,21/09 - 27/09,7867,5,0.06,8,0.1,21,0.27,17,0.22,2025-09-21,2025-09-27,2025-09-24
2025,40,28/09 - 04/10,8287,4,0.05,11,0.13,17,0.21,10,0.12,2025-09-28,2025-10-04,2025-10-01
2025,41,05/10 - 11/10,8193,1,0.01,6,0.07,14,0.17,5,0.06,2025-10-05,2025-10-11,2025-10-08
2025,42,12/10 - 18/10,8723,8,0.09,6,0.07,20,0.23,13,0.15,2025-10-12,2025-10-18,2025-10-15
2025,43,19/10 - 25/10,8126,4,0.05,13,0.16,10,0.12,14,0.17,2025-10-19,2025-10-25,2025-10-22
2025,44,26/10 - 01/11,8557,3,0.04,14,0.16,18,0.21,9,0.11,2025-10-26,2025-11-01,2025-10-29
2025,45,02/11 - 08/11,8296,2,0.02,8,0.1,18,0.22,15,0.18,2025-11-02,2025-11-08,2025-11-05
2025,46,09/11 - 15/11,8283,4,0.05,8,0.1,19,0.23,22,0.27,2025-11-09,2025-11-15,2025-11-12
2025,47,16/11 - 22/11,8196,5,0.06,17,0.21,21,0.26,21,0.26,2025-11-16,2025-11-22,2025-11-19
2025,48,23/11 - 29/11,8406,5,0.06,6,0.07,17,0.2,17,0.2,2025-11-23,2025-11-29,2025-11-26
2025,49,30/11 - 06/12,8796,7,0.08,6,0.07,21,0.24,17,0.19,2025-11-30,2025-12-06,2025-12-03
2025,50,07/12 - 13/12,8720,4,0.05,17,0.19,43,0.49,19,0.22,2025-12-07,2025-12-13,2025-12-10
2025,51,14/12 - 20/12,8356,8,0.1,11,0.13,55,0.66,19,0.23,2025-12-14,2025-12-20,2025-12-17
2025,52,21/12 - 27/12,7962,10,0.13,12,0.15,47,0.59,19,0.24,2025-12-21,2025-12-27,2025-12-24
2026,1,28/12/2025 - 03/01,8281,8,0.1,10,0.12,61,0.74,16,0.19,2025-12-28,2026-01-03,2025-12-31
2026,2,04/01 - 10/01,7937,13,0.16,7,0.09,92,1.16,30,0.38,2026-01-04,2026-01-10,2026-01-07
2026,3,11/01 - 17/01,9044,12,0.13,8,0.09,123,1.36,35,0.39,2026-01-11,2026-01-17,2026-01-14
2026,4,18/01 - 24/01,8784,18,0.2,8,0.09,128,1.46,46,0.52,2026-01-18,2026-01-24,2026-01-21
2026,5,25/01 - 31/01,8677,21,0.24,9,0.1,158,1.82,36,0.41,2026-01-25,2026-01-31,2026-01-28
2026,6,01/02 - 07/02,8316,17,0.2,5,0.06,154,1.85,35,0.42,2026-02-01,2026-02-07,2026-02-04
2026,7,08/02 - 14/02,8146,22,0.27,7,0.09,219,2.69,42,0.52,2026-02-08,2026-02-14,2026-02-11
2026,8,15/02 - 21/02,7803,24,0.31,8,0.1,203,2.6,42,0.54,2026-02-15,2026-02-21,2026-02-18
2026,9,22/02 - 28/02,9231,28,0.3,7,0.08,281,3.04,43,0.47,2026-02-22,2026-02-28,2026-02-25
2026,10,01/03 - 07/03,8594,20,0.23,4,0.05,304,3.54,59,0.69,2026-03-01,2026-03-07,2026-03-04
2026,11,08/03 - 14/03,8512,22,0.26,6,0.07,329,3.87,51,0.6,2026-03-08,2026-03-14,2026-03-11
2026,12,15/03 - 21/03,8532,24,0.28,9,0.11,346,4.06,50,0.59,2026-03-15,2026-03-21,2026-03-18
2026,13,22/03 - 28/03,8817,19,0.22,9,0.1,330,3.74,63,0.71,2026-03-22,2026-03-28,2026-03-25
2026,14,29/03 - 04/04,8158,24,0.29,9,0.11,291,3.57,50,0.61,2026-03-29,2026-04-04,2026-04-01
2026,15,05/04 - 11/04,8188,21,0.26,6,0.07,240,2.93,54,0.66,2026-04-05,2026-04-11,2026-04-08
