season,si_mean,si_sd,window,onset,lead
2017 sum,5.0,2.0,3,2017-04-05,-35
2017 sum,5.0,2.0,4,2017-04-05,-35
2017 sum,5.0,2.0,5,2017-04-05,-35
2017 sum,5.0,2.0,6,2017-04-19,-49
2017 sum,6.0,2.4,3,2017-04-05,-35
2017 sum,6.0,2.4,4,2017-04-05,-35
2017 sum,6.0,2.4,5,2017-04-05,-35
2017 sum,6.0,2.4,6,2017-04-19,-49
2017 sum,7.5,3.0,3,2017-03-22,-21
2017 sum,7.5,3.0,4,2017-03-29,-28
2017 sum,7.5,3.0,5,2017-04-05,-35
2017 sum,7.5,3.0,6,2017-04-12,-42
2017 sum,9.0,3.6,3,2017-03-22,-21
2017 sum,9.0,3.6,4,2017-03-29,-28
2017 sum,9.0,3.6,5,2017-04-05,-35
2017 sum,9.0,3.6,6,2017-04-12,-42
2017 sum,10.0,4.0,3,2017-03-22,-21
2017 sum,10.0,4.0,4,2017-03-29,-28
2017 sum,10.0,4.0,5,2017-04-05,-35
2017 sum,10.0,4.0,6,2017-04-12,-42
2018 sum,5.0,2.0,3,2018-03-28,-7
2018 sum,5.0,2.0,4,2018-04-04,-14
2018 sum,5.0,2.0,5,2018-04-11,-21
2018 sum,5.0,2.0,6,2018-04-18,-28
2018 sum,6.0,2.4,3,2018-03-28,-7
2018 sum,6.0,2.4,4,2018-04-04,-14
2018 sum,6.0,2.4,5,2018-04-11,-21
2018 sum,6.0,2.4,6,2018-04-18,-28
2018 sum,7.5,3.0,3,2018-03-28,-7
2018 sum,7.5,3.0,4,2018-04-04,-14
2018 sum,7.5,3.0,5,2018-04-11,-21
2018 sum,7.5,3.0,6,2018-04-18,-28
2018 sum,9.0,3.6,3,2018-03-28,-7
2018 sum,9.0,3.6,4,2018-04-04,-14
2018 sum,9.0,3.6,5,2018-04-11,-21
2018 sum,9.0,3.6,6,2018-04-18,-28
2018 sum,10.0,4.0,3,2018-03-28,-7
2018 sum,10.0,4.0,4,2018-04-04,-14
2018 sum,10.0,4.0,5,2018-04-11,-21
2018 sum,10.0,4.0,6,2018-04-18,-28
2021/22,5.0,2.0,3,2021-06-23,56
2021/22,5.0,2.0,4,2021-06-30,49
2021/22,5.0,2.0,5,2021-07-07,42
2021/22,5.0,2.0,6,2021-07-14,35
2021/22,6.0,2.4,3,2021-06-23,56
2021/22,6.0,2.4,4,2021-06-30,49
2021/22,6.0,2.4,5,2021-07-07,42
2021/22,6.0,2.4,6,2021-07-14,35
2021/22,7.5,3.0,3,2021-06-23,56
2021/22,7.5,3.0,4,2021-06-30,49
2021/22,7.5,3.0,5,2021-07-07,42
2021/22,7.5,3.0,6,2021-07-14,35
2021/22,9.0,3.6,3,2021-06-23,56
2021/22,9.0,3.6,4,2021-06-30,49
2021/22,9.0,3.6,5,2021-07-07,42
2021/22,9.0,3.6,6,2021-07-14,35
2021/22,10.0,4.0,3,2021-06-23,56
2021/22,10.0,4.0,4,2021-06-30,49
2021/22,10.0,4.0,5,2021-07-07,42
2021/22,10.0,4.0,6,2021-07-14,35
