scenario,SI,n_valid,r_median,r_mean,r_q025,r_q975,onset_err_median,onset_err_range,n_onset
perfect,correct,50,0.714,0.686,0.318,0.826,10.5,-7 to 28,50
perfect,wrong,50,0.704,0.689,0.515,0.812,14.0,-14 to 28,50
scaled,correct,50,0.723,0.71,0.499,0.827,7.0,-14 to 28,50
scaled,wrong,50,0.698,0.7,0.533,0.82,7.0,-14 to 28,50
noisy,correct,50,0.215,0.185,-0.119,0.403,-7.0,-14 to 28,50
noisy,wrong,50,0.214,0.191,-0.183,0.448,-7.0,-14 to 28,50
delayed,correct,50,0.246,0.228,-0.026,0.429,-7.0,-14 to -7,50
delayed,wrong,50,0.211,0.188,-0.064,0.435,-7.0,-14 to -7,50
filtered,correct,50,0.732,0.717,0.425,0.883,7.0,-14 to 28,50
filtered,wrong,50,0.721,0.711,0.433,0.866,7.0,-14 to 28,50
thresholded,correct,50,0.489,0.52,0.216,0.837,14.0,0 to 21,50
thresholded,wrong,50,0.596,0.594,0.308,0.83,14.0,0 to 21,50
two-wave,correct,50,0.499,0.49,0.299,0.658,,,0
two-wave,wrong,50,0.457,0.45,0.249,0.635,,,0
